income,expenses,savings,debt,transaction_count,food_expense,shopping_expense,entertainment_expense,risk_level
146958,80426,66532,66893,76,14440,10513,12097,Medium
171867,112834,59033,0,70,26586,15345,11156,Low
156932,107924,49008,0,69,20412,20151,14692,Low
128694,84255,44439,40851,80,13107,22022,7908,Medium
144879,85315,59564,49978,33,26533,13546,9413,Medium
135268,41869,93399,0,72,6443,6313,6895,Low
79886,54449,25437,132,95,17213,12196,4714,Low
162337,66475,95862,33858,70,11887,13768,11688,Low
193266,138702,54564,80132,32,47843,15540,14755,Medium
112498,89275,23223,64998,39,24173,10382,11590,High
137727,86119,51608,19188,69,25577,19687,16474,Low
151324,98744,52580,66204,27,16993,19060,15027,Medium
41023,37678,3345,23447,65,12148,11084,5532,High
66090,56220,9870,23508,62,17868,13251,8811,Medium
92221,82468,9753,0,16,23140,8412,15480,Medium
89820,74456,15364,0,78,18647,14608,6498,Medium
25769,9555,16214,0,81,2812,1747,1356,Low
84735,33626,51109,63019,88,5083,4080,3700,Medium
89925,57759,32166,8964,61,15507,16440,2990,Low
30311,13941,16370,15821,13,4453,3638,959,High
128355,78277,50078,5413,43,17328,11429,7729,Low
110305,61366,48939,39371,78,10533,9278,8269,Medium
184765,121412,63353,0,42,28431,12918,22123,Low
155608,122225,33383,37091,78,36107,19475,20615,Medium
181730,139036,42694,66160,47,23839,30160,18491,Medium
109478,69934,39544,14324,35,13372,12879,4271,Low
147537,123127,24410,35895,10,22102,36181,11436,Medium
174503,101222,73281,86707,13,31317,11257,10628,Medium
155523,137305,18218,37549,48,22322,29971,19669,Medium
27747,9609,18138,19972,63,2760,2610,574,High
148855,137025,11830,74833,99,30596,26877,17748,High
90725,65825,24900,31837,42,19823,6621,12192,Medium
154981,84782,70199,0,42,29069,12595,13210,Low
109654,46948,62706,43821,81,8117,7734,7960,Medium
191845,117307,74538,0,29,24971,34394,17860,Low
144346,61558,82788,30665,25,19207,17381,4985,Low
92435,37724,54711,0,30,7666,10933,2511,Low
81886,57424,24462,16495,54,11084,15226,10016,Medium
91803,58754,33049,60497,99,18511,10007,9067,High
56551,41596,14955,3857,96,14451,11695,5667,Low
141216,127693,13523,0,91,33375,37840,10010,High
36394,23509,12885,0,71,4833,3996,3303,High
94092,63757,30335,0,40,14645,9698,3487,Low
28890,10350,18540,0,51,1904,2167,701,Low
66606,51051,15555,0,21,15436,7015,4940,Medium
112313,62888,49425,89764,74,19161,6699,7330,High
166699,155842,10857,0,82,50652,45064,10610,High
33792,28218,5574,0,12,4382,8046,1918,Medium
199073,127329,71744,93171,99,33410,16875,20230,Medium
179969,68405,111564,70337,18,13191,12418,9265,Medium
93148,79978,13170,39062,60,17449,21290,10402,Medium
149243,122358,26885,79628,25,37562,28411,14421,High
145174,60970,84204,31025,97,11487,10911,11979,Low
179555,88328,91227,0,87,24525,21979,5076,Low
149358,121833,27525,52056,12,34224,34041,9392,Medium
73555,30922,42633,7595,33,10538,8819,4549,Low
42159,37797,4362,0,82,11529,6643,2662,Medium
135510,78046,57464,69717,22,24251,10513,10802,High
131530,46900,84630,0,11,12021,13252,6339,Low
105077,87238,17839,0,80,16344,10338,17068,Medium
60920,33066,27854,10715,30,7774,8079,6034,Low
44457,28551,15906,15820,28,7420,3657,5477,Medium
103953,38774,65179,74797,98,11077,6897,2599,High
77995,23529,54466,0,56,6389,4289,4240,Low
196829,140671,56158,60890,31,32184,18533,9757,Medium
34692,22024,12668,22789,84,4472,6266,3192,High
62065,42564,19501,48137,42,7816,4279,6725,High
124299,101419,22880,45138,41,29286,28271,7517,Medium
188678,135903,52775,0,73,37927,37613,19692,Low
36534,15110,21424,0,94,4343,2468,874,Low
65397,34954,30443,48778,48,7847,8418,3285,High
116387,103448,12939,79907,93,20946,15575,19466,High
26016,20824,5192,3550,81,6287,5242,1577,Medium
80591,53336,27255,28158,51,16253,11319,3188,Medium
48247,22491,25756,17909,18,5423,3599,2621,Medium
49300,24469,24831,0,34,6664,4405,4345,Low
107798,83626,24172,51992,98,18791,19901,5143,Medium
34268,29239,5029,0,11,8490,8222,3021,Medium
111807,82337,29470,89284,28,26112,10386,15229,High
37185,30722,6463,2229,29,8837,6582,2080,Medium
195171,155810,39361,34820,79,39344,23487,15051,Medium
164643,65413,99230,53725,26,15812,17025,10908,Medium
63044,36285,26759,0,98,10104,4138,4770,Low
76214,30442,45772,0,77,8705,7238,5322,Low
139752,63294,76458,0,93,16566,8544,4224,Low
73984,63997,9987,40303,12,17598,14033,12036,High
65774,39949,25825,46269,96,6764,10671,7599,Medium
27568,17863,9705,11340,60,6079,4483,1309,Medium
145151,60381,84770,0,91,18606,15130,3325,Low
158767,79856,78911,32400,35,17950,16256,15849,Low
149375,67167,82208,91761,65,17635,18682,8217,High
161330,70020,91310,97029,73,11165,15237,9509,High
64504,46099,18405,30361,17,7294,13069,6563,Medium
189231,88366,100865,32194,90,17687,18495,14885,Low
38986,27711,11275,3025,46,7979,5575,4760,Low
86858,29357,57501,0,36,9406,4241,2321,Low
154312,60513,93799,73168,54,15844,12644,5173,Medium
37666,18021,19645,0,13,4621,2308,3271,Low
63660,43803,19857,43713,95,10094,11999,7574,High
159633,118016,41617,59207,99,21516,27754,16834,Medium
51854,30478,21376,32534,97,5293,9104,6071,High
89505,52786,36719,67800,46,15948,6250,8460,High
129488,99826,29662,28504,80,33491,14787,8223,Medium
47662,14788,32874,15174,42,3573,4073,2617,Medium
33392,17420,15972,24883,40,4910,3119,1954,High
55535,46213,9322,15026,64,15383,8931,2561,Medium
138569,95902,42667,101307,21,16113,26097,9418,High
77256,40111,37145,60633,20,12197,8197,6599,High
114135,101419,12716,60428,97,27724,14066,19678,High
152478,122318,30160,99646,81,32992,34054,11182,High
60222,28435,31787,36111,41,5928,3020,2473,High
102373,73651,28722,57290,66,21121,20554,9909,High
148684,102181,46503,0,47,31569,11250,17549,Low
35965,20168,15797,0,69,3480,4702,3266,Low
49538,26677,22861,13595,95,6848,3050,3574,Medium
133066,69635,63431,0,28,11855,16798,10076,Low
138252,96935,41317,11339,93,31456,10352,8366,Low
164182,96467,67715,1565,65,24264,25900,11082,Low
183338,154134,29204,20488,23,48027,29776,13610,Medium
123806,91027,32779,70889,42,20355,10804,16627,High
162982,56303,106679,126838,19,9853,13589,3765,High
135989,97382,38607,106948,89,15415,19267,14798,Medium
115982,55235,60747,45834,73,11395,7632,4918,Medium
146626,100486,46140,101975,73,19981,10363,12192,High
144176,106990,37186,84986,71,28038,19643,10154,High
156278,70331,85947,0,77,10855,8237,6926,Low
147409,87996,59413,67544,52,22361,10456,7836,Medium
48419,20515,27904,5315,89,4684,3148,3342,Low
75015,25056,49959,56270,68,6650,5664,2627,High
147096,80315,66781,41413,61,23330,16543,12766,Low
132059,70772,61287,47134,28,19590,8053,8380,High
135687,128504,7183,72908,30,44581,37739,16973,High
112939,66648,46291,30168,31,11840,18490,8763,Medium
174213,90036,84177,0,18,21243,13671,17681,Low
130878,88644,42234,0,18,20828,11033,9312,Low
189899,67926,121973,3795,82,15854,19595,5512,Low
87623,81058,6565,50521,36,22919,15581,15139,High
100450,71593,28857,41306,26,17752,11614,5457,Medium
118426,93632,24794,57389,53,23734,18545,16400,Medium
142845,58682,84163,72208,54,13876,14937,4256,High
178371,100986,77385,75208,17,35177,13499,15027,Medium
68585,39419,29166,0,89,13225,9992,2861,Low
134225,111967,22258,73425,27,23686,27979,21101,High
89044,26784,62260,0,42,4615,5567,3609,Low
198629,98431,100198,0,10,31296,26888,9783,Low
134556,126187,8369,93609,85,44094,15953,8965,High
27693,16856,10837,0,15,3514,3693,1781,Low
120259,65979,54280,0,50,14618,12527,10276,High
50939,19249,31690,0,64,6512,3550,2073,Low
199013,185720,13293,63141,14,54272,27953,16141,High
177906,55687,122219,17772,68,11645,9714,7607,Low
43047,33540,9507,18095,89,8928,4079,3779,Medium
51105,40863,10242,4476,27,13846,6142,3059,Medium
100766,46188,54578,16352,58,14427,7131,3376,Low
171779,126517,45262,137192,91,37748,30887,19751,High
178048,64169,113879,0,74,19083,7039,12590,Low
69262,32350,36912,15739,92,6004,7448,2748,Low
150117,121915,28202,119466,63,38395,17590,20234,High
48776,42047,6729,37715,70,8629,4893,2654,High
186152,129471,56681,65635,17,43511,20736,13884,Medium
153376,96541,56835,31951,12,21521,13988,12164,Low
162848,65716,97132,109225,34,21129,13827,5934,High
117787,40167,77620,67432,78,8163,6887,5199,High
152948,57580,95368,84053,64,14562,16882,10502,High
80016,35829,44187,57170,49,6140,10487,6867,High
165546,86429,79117,91304,92,24375,16312,5625,High
46959,25714,21245,10661,91,8156,6660,2334,Low
161602,84858,76744,89703,59,24921,8710,16706,High
144101,65621,78480,0,42,16710,13751,5942,Low
28748,18149,10599,17461,27,2886,4512,2793,High
38545,32240,6305,0,66,10854,4622,2837,Medium
152659,73552,79107,9454,25,21410,8255,7609,Low
190838,174149,16689,78294,89,52100,22845,13704,High
98530,85491,13039,27060,47,26411,16103,15255,Medium
118557,48032,70525,0,50,14387,9667,8760,Low
86087,69823,16264,41477,16,16633,12301,6600,Medium
93840,63199,30641,0,87,18752,11881,10967,Low
143451,95864,47587,89156,62,26363,18602,9944,High
76005,42120,33885,4304,72,13512,10693,2731,Low
64353,40268,24085,33998,98,12502,4874,6592,High
77733,43387,34346,50320,41,6867,11011,6051,High
90318,58781,31537,48615,47,13271,13973,5358,High
179736,127283,52453,0,31,19976,31608,11194,Low
92172,68050,24122,70073,25,11596,16801,13361,High
118264,76411,41853,28377,61,20652,14832,13706,Low
51736,39781,11955,793,38,12919,5660,6821,Medium
137859,54017,83842,47642,25,9397,11199,3738,Medium
137181,60056,77125,0,85,14426,17512,9805,Low
156926,130590,26336,119757,26,43378,28430,10732,High
115084,58651,56433,19326,73,18349,5994,11531,Low
194695,61305,133390,122880,98,15567,6862,3544,High
32392,12955,19437,0,22,3942,3868,1332,Low
80680,35930,44750,0,81,9145,4110,4106,Low
75859,69961,5898,37700,65,12706,7640,12147,High
150657,101313,49344,5794,14,17724,17284,16709,Low
182381,165287,17094,0,21,31020,48571,17561,High
95467,64331,31136,1118,50,14164,10533,8674,Low
123506,75533,47973,91013,12,25387,13745,13243,High
134751,67904,66847,105222,42,21045,15401,3580,High
143906,99891,44015,25590,95,23630,10470,17014,Low
168760,65897,102863,28095,59,16383,18421,12654,Low
50342,44495,5847,30355,65,9037,9072,2438,High
193229,162131,31098,39168,18,47159,31350,9215,Medium
131308,66493,64815,94024,91,20649,18095,6760,High
131081,120505,10576,0,59,23833,35020,7611,High
114045,95385,18660,0,38,15105,17616,11626,Medium
59698,43764,15934,39768,48,12025,5885,6971,High
135078,51214,83864,0,54,13443,13476,6915,Low
105623,64520,41103,77031,26,14867,11655,5127,High
47671,29983,17688,0,65,8358,8608,4444,Low
181256,81775,99481,0,55,21271,23713,12489,Low
118384,41668,76716,220,76,8338,5123,7911,Low
198179,159508,38671,155995,78,36614,46466,11487,High
111202,42181,69021,80611,23,9938,7324,6489,High
76663,52612,24051,0,76,17154,12061,9823,Low
40708,36991,3717,0,32,12657,3956,4632,High
116906,101646,15260,42816,70,33400,28234,10598,Medium
74811,35949,38862,15498,32,10563,8207,2718,Low
158883,135597,23286,111694,36,36204,31012,24409,High
81250,24392,56858,12783,63,7021,6840,2662,Low
137547,42845,94702,104238,19,14473,8640,8086,High
149249,103229,46020,24551,98,20645,18798,18288,Low
59754,32094,27660,29336,86,8248,8768,3417,Medium
167483,92316,75167,29890,25,26579,22939,12563,Low
158983,106023,52960,69401,50,30306,30724,5733,Medium
164752,69963,94789,90149,64,14024,20151,6260,High
109896,48094,61802,16724,70,12857,8486,7528,Low
96295,59220,37075,40126,95,18309,11216,8982,Medium
125689,99327,26362,0,90,24336,15017,10231,Medium
36111,25374,10737,0,96,7831,5890,4346,Low
62504,30832,31672,40918,58,6843,5331,2632,High
157874,91522,66352,42396,82,30911,23541,10908,Medium
33155,13624,19531,0,61,3498,1693,1646,Low
64384,22438,41946,26515,11,6040,2766,2268,High
137561,111252,26309,56483,59,17385,15674,21493,Medium
72254,34140,38114,6197,95,6283,3989,5274,Low
46918,19496,27422,15895,52,5392,4367,2551,Medium
110981,83186,27795,40163,86,19463,10770,10529,Medium
55306,38810,16496,0,17,9765,5122,2867,Low
172718,122901,49817,0,68,19982,12639,13006,Low
71843,32241,39602,0,74,10214,8267,4865,Low
145975,65866,80109,10134,90,20214,17287,12427,Low
121601,53932,67669,0,21,10089,7140,9301,Low
132512,54719,77793,17484,13,15149,13565,5201,Low
172443,125231,47212,17191,86,39280,23381,14413,Low
136472,116166,20306,39948,50,32313,17183,7253,Medium
158121,121880,36241,0,16,25848,27334,7961,Medium
187688,152939,34749,0,96,43009,20753,18434,Medium
128727,72488,56239,0,97,13924,18221,9389,Low
137893,99993,37900,1949,78,21363,10951,8959,Low
45932,24355,21577,3776,78,4822,7107,3565,Low
142796,91614,51182,0,90,23946,10478,14246,Low
54855,33629,21226,0,39,5772,7260,3190,High
199088,82616,116472,0,82,27813,23168,13529,Low
32400,17871,14529,0,15,3872,1829,1444,Low
142858,132355,10503,48546,98,25649,26431,17422,High
198714,91721,106993,54328,28,22866,15592,15651,Medium
40151,15537,24614,5891,89,3191,3357,2028,Low
91690,52453,39237,501,94,13479,7610,9766,Low
29499,24003,5496,0,75,5273,2711,1410,Medium
31295,21230,10065,17165,19,3745,4780,2934,High
145885,108339,37546,26408,25,22012,19866,14545,Low
151071,63948,87123,15929,46,15199,14356,9531,Low
84040,59022,25018,59637,88,9210,8387,10329,High
37183,18973,18210,0,86,5770,3182,3014,Low
185371,156137,29234,0,86,42838,33153,26315,Medium
168946,119790,49156,0,41,32375,26188,11179,Low
141336,60669,80667,92389,56,15726,10584,6559,High
57711,19737,37974,20699,81,5290,3079,2842,Medium
30539,10007,20532,11952,52,3371,1548,1331,Medium
151063,81787,69276,26315,91,12408,11036,15880,Low
158629,75000,83629,9936,45,11966,12381,5851,Low
63360,45616,17744,29066,35,8589,6381,4684,Medium
158272,98851,59421,0,19,18135,22415,13435,Low
46357,21922,24435,16661,40,4082,4687,3950,Low
144121,57216,86905,0,38,16271,10099,10836,Low
102505,39226,63279,78136,14,9488,6478,3938,High
27869,24023,3846,5335,86,8368,3543,1442,Medium
75108,34419,40689,0,10,6724,7127,3897,Low
137296,99349,37947,52071,96,21078,28193,10844,Medium
119179,98554,20625,83490,12,34183,23371,19511,High
115272,80592,34680,25030,76,25495,20057,9240,Low
63467,54500,8967,187,80,13295,14544,5224,Medium
48328,26824,21504,6285,44,6998,4568,2811,Low
116412,107278,9134,0,24,34182,12076,11751,High
160059,61869,98190,0,76,15231,13890,10717,Low
83871,30730,53141,0,39,5875,4232,1909,Low
178471,129953,48518,97168,91,41024,27785,12667,High
153391,140021,13370,0,84,36063,34711,27296,High
111416,92004,19412,40799,52,16616,23619,6713,Medium
95271,33313,61958,7283,69,8365,5342,5376,Low
69064,33260,35804,49623,49,7737,6734,3441,High
132450,119828,12622,99117,74,38988,26864,16448,High
196890,91453,105437,154330,38,16023,24134,5938,High
44830,36211,8619,31149,83,11770,9135,3474,High
173501,145105,28396,0,28,36630,43182,18156,Medium
162965,101371,61594,0,12,23403,10301,8591,Low
141381,77918,63463,65555,45,14211,14609,10229,Medium
72333,42863,29470,0,52,12437,6481,3556,Low
159508,71384,88124,0,24,23939,8850,10530,Low
101213,88875,12338,570,50,20003,25089,16499,Medium
161967,96030,65937,0,99,19044,28769,6032,Low
175810,153587,22223,10801,89,40082,20906,12669,Medium
55746,20553,35193,0,45,6355,2213,3630,Low
74377,70091,4286,40394,93,10566,10864,10144,High
79045,46488,32557,14974,86,12843,12411,2873,Low
122888,40686,82202,8254,42,10956,6460,5002,Low
195862,63599,132263,120654,14,13586,7083,5181,High
132455,103981,28474,66775,87,24985,11489,8304,Medium
161672,117757,43915,0,96,23479,21842,22502,Low
118179,97070,21109,32551,23,29895,27797,15941,Medium
196836,72531,124305,9725,77,20084,11400,11201,Low
70714,22849,47865,41543,92,5861,4236,1961,High
127946,80679,47267,53402,56,18435,9712,5468,Medium
134616,74299,60317,0,63,15474,14764,13420,Low
130983,78624,52359,81914,13,24730,18815,4000,High
149123,140851,8272,24307,92,33843,21723,15242,High
174661,162607,12054,0,18,40698,25910,14901,High
68484,62491,5993,5069,62,15883,16772,8471,High
107989,87416,20573,0,86,20951,8922,7655,Medium
61212,32481,28731,0,87,6535,7382,3140,Low
68525,38914,29611,0,69,6773,6956,6907,Low
188707,124027,64680,0,55,21048,19804,17423,Low
88208,74081,14127,63940,63,22334,17151,5322,High
58828,20275,38553,0,83,3947,5412,3223,Low
174783,100638,74145,7599,46,16216,21302,8163,Low
28420,10052,18368,421,32,3111,1067,1155,Low
121752,77254,44498,0,36,13968,14854,11355,Low
156373,138278,18095,82308,79,38030,26625,12554,High
140294,113443,26851,81648,99,24699,23682,12208,High
149019,66775,82244,93763,75,11705,15638,10692,High
90726,84773,5953,0,70,19743,8804,16165,High
166564,122220,44344,40760,86,18694,24493,15813,Low
140668,43153,97515,54369,60,13731,9392,2222,Medium
31102,14494,16608,0,59,3662,2444,1460,Low
143015,67140,75875,0,28,11939,15688,7371,Low
51641,17816,33825,40640,10,3516,2594,1797,High
190656,176144,14512,0,49,42203,28795,20334,High
188817,115341,73476,113720,41,21658,33743,16712,High
179165,158073,21092,71670,31,32202,26811,10775,Medium
128746,65588,63158,13164,75,16848,11104,5961,Low
61631,23506,38125,28707,49,7440,5151,2965,Medium
97991,59609,38382,0,47,13732,17536,5802,Low
29014,10853,18161,0,57,3184,3219,2156,Low
36093,22230,13863,18333,64,7232,4800,2550,High
43070,38685,4385,29595,84,7476,3876,6981,High
60777,38806,21971,16763,90,12085,10870,7158,Medium
81958,57430,24528,0,64,17314,12292,10073,Low
107074,43023,64051,0,60,9524,7451,2453,Low
35729,11734,23995,0,69,4082,3119,2254,Low
183823,68386,115437,105139,17,13849,12307,4739,High
130864,90171,40693,0,95,18120,9631,4973,Low
155858,56382,99476,113491,77,17165,14896,6323,High
130510,71049,59461,16122,84,16833,14861,5626,Low
79748,52439,27309,39986,81,11335,8790,4070,High
30801,17021,13780,709,18,3161,2556,1585,Low
175262,71225,104037,0,99,21585,15581,6215,Low
54592,26093,28499,12103,11,8017,3695,3984,Low
35647,32203,3444,12823,89,8479,5306,2512,High
164788,121842,42946,45516,79,41604,27695,16018,Medium
135627,84418,51209,18744,94,18034,23325,16711,Low
95316,29382,65934,47427,99,5697,6069,3374,Medium
27368,25864,1504,0,68,7384,6513,3783,High
102575,75540,27035,0,28,22789,19082,14760,Low
31655,16017,15638,4870,37,3123,3729,1131,Low
95031,82821,12210,54538,81,13692,12354,9341,High
112922,52845,60077,0,23,16493,14445,9381,Low
149046,97418,51628,40943,33,33638,18242,18494,Medium
169475,120911,48564,2589,53,33726,13160,16949,Low
57097,25333,31764,0,65,5207,3772,1811,Low
167038,156340,10698,126346,99,54614,39571,28957,High
149862,117840,32022,75784,60,38728,13413,8975,High
143834,95301,48533,0,41,24080,12338,9809,Low
118848,49605,69243,49930,59,15628,11847,5274,Medium
77921,26104,51817,12444,50,8174,7270,3056,Low
151141,76785,74356,90750,75,25873,17410,12940,High
47677,37644,10033,28469,34,11977,5437,6411,High
80609,38294,42315,9384,70,10673,4238,6048,Low
56024,36455,19569,39350,75,9910,8130,1943,High
95313,73692,21621,20525,51,17941,8067,9928,Medium
152813,56565,96248,120081,74,15572,12588,9170,High
120285,89665,30620,0,45,27710,13011,10463,Low
171410,61658,109752,0,85,21198,17321,11822,Low
138632,128558,10074,0,18,31298,25071,22314,High
175580,108412,67168,61829,45,28699,15696,15798,Medium
28051,11162,16889,0,47,2667,3020,662,Low
139692,72995,66697,64617,42,20708,11008,10792,Medium
112235,63830,48405,0,51,17616,10297,11919,Low
188165,149181,38984,0,70,22909,39809,15949,Medium
195806,153360,42446,4569,55,39602,24807,26948,Medium
98523,68745,29778,42659,95,11528,12513,6666,Medium
119476,44069,75407,0,98,6842,7471,5972,Low
42019,16745,25274,23569,70,5161,2064,2465,High
108613,39202,69411,4842,27,7908,4225,5946,Low
111672,75396,36276,0,79,16446,18465,13750,Low
98847,86010,12837,55519,91,14003,19698,7327,High
107750,62707,45043,43736,89,11657,9811,5603,Medium
53251,21542,31709,0,24,6529,3427,3352,Low
128481,85147,43334,13431,57,21176,24607,6520,Medium
137566,113854,23712,32025,81,37131,33875,13621,Medium
50945,39844,11101,35415,22,9142,7757,2111,High
115852,101132,14720,0,52,20604,26343,7195,Medium
57217,27500,29717,0,69,6036,6801,4175,Low
33308,14191,19117,15831,66,4151,2262,2300,Medium
30949,26983,3966,0,80,7042,3014,1815,Medium
157222,114365,42857,77824,26,37836,14697,9624,Medium
125235,62880,62355,8183,59,17004,16830,4076,Low
99740,78049,21691,17372,41,19403,19219,8976,Medium
141352,117297,24055,28308,31,36027,27314,8083,Medium
91617,64107,27510,60960,64,21764,8085,7410,High
41896,31301,10595,0,66,6922,7136,5002,Low
155798,84741,71057,60677,22,16946,21560,12923,Medium
163877,106544,57333,0,56,29112,28992,9809,Low
30237,19372,10865,0,96,4838,1988,2926,Low
45056,38353,6703,32392,71,13340,9085,7254,High
139548,118054,21494,50963,63,28624,12256,12056,Medium
136488,114819,21669,16317,38,18929,27714,11409,Medium
159415,48967,110448,0,31,16916,11121,6645,Low
169572,133487,36085,62226,74,42544,17309,11590,Medium
54375,43126,11249,0,38,8006,10920,6371,Medium
165734,122799,42935,40093,57,40636,13958,21470,Low
41964,33217,8747,0,14,7245,8811,3949,Medium
138429,117288,21141,51861,44,26439,17873,17819,High
92215,55855,36360,62936,83,18503,13280,8254,High
94042,58901,35141,70236,92,15080,16771,3286,High
169356,64535,104821,126353,80,11458,10839,5002,High
118468,65215,53253,11868,55,14595,13080,12001,Low
34435,24730,9705,10524,44,7280,4763,4719,Medium
103832,83819,20013,0,54,15492,11024,14003,Medium
76293,33659,42634,0,22,9022,7339,6334,Medium
103781,40431,63350,29785,19,11686,10051,3878,Medium
185196,135374,49822,93504,75,29615,38361,11798,High
68919,20759,48160,39416,79,5994,5608,2234,High
191319,79577,111742,0,81,26009,16074,4639,Low
146172,46613,99559,35834,34,11393,11364,7993,Low
119758,48918,70840,92186,53,11083,12726,9667,High
81573,34085,47488,62940,69,6824,6772,5917,High
84101,46422,37679,19473,56,12572,5713,6185,Low
51646,28999,22647,19816,49,9452,5439,2734,Medium
129185,112167,17018,0,16,24108,30116,8934,Medium
48049,30346,17703,187,55,6956,6655,3174,Low
123116,94825,28291,40645,32,21935,23221,14228,Medium
122379,44997,77382,9835,92,11796,6167,5267,Low
93385,41699,51686,0,55,8159,12212,7927,Low
151131,114393,36738,0,95,35969,20684,20377,Medium
196230,65604,130626,63876,22,13719,15136,4287,Medium
48289,29759,18530,8525,30,8662,3088,2075,Low
135226,93250,41976,57693,10,23558,11699,14121,Medium
125793,86972,38821,100231,28,23237,22300,7359,High
34823,10965,23858,22301,69,2038,3219,1849,High
66975,34115,32860,0,42,10132,5595,4731,Low
34540,24651,9889,17553,13,4627,2648,2082,High
41364,16415,24949,1375,12,2834,2826,1999,Low
160683,120836,39847,26583,61,31337,12505,13402,Medium
52663,41332,11331,38973,37,12063,5723,7480,High
76991,72239,4752,22549,79,11558,18095,3960,High
129182,56374,72808,10710,79,9238,16202,10394,Low
187049,156435,30614,105107,64,48578,18379,23123,High
119704,76394,43310,0,66,23820,16163,12271,Low
74115,40225,33890,0,96,8007,6064,2026,Low
116007,44029,71978,92617,25,12021,5627,6350,High
174143,135496,38647,0,33,32334,19483,18735,Medium
36938,16744,20194,0,78,4630,3609,2186,Low
191267,103556,87711,149993,50,33404,11704,17384,High
116680,39747,76933,60684,86,6596,7426,5301,High
29000,23805,5195,17214,56,7274,3024,4250,High
126042,100617,25425,0,85,25013,15548,8541,Low
118610,92142,26468,0,78,24217,12729,15746,Medium
128691,63655,65036,0,40,17873,17606,4894,Low
63304,26129,37175,0,39,8740,6312,4493,Low
94449,67475,26974,47129,27,10886,18467,12892,Medium
107986,67222,40764,0,53,10479,11877,6746,Low
176836,73539,103297,16376,36,13652,11963,9522,Low
133940,99898,34042,0,35,34693,17593,14859,Low
63494,59953,3541,7075,69,17567,6217,3712,High
28373,22292,6081,11808,27,6084,5460,2766,Medium
168233,131388,36845,4994,98,20944,22329,13675,Medium
122532,112448,10084,7907,65,36638,18291,20338,High
117658,50817,66841,63285,40,15882,11160,9223,High
148633,99228,49405,0,68,28077,18580,15391,Low
125386,117457,7929,34252,11,25585,34787,17425,High
52350,21329,31021,9029,48,3500,3652,3413,Low
118008,89115,28893,76819,70,23705,19852,9347,High
119297,81214,38083,0,72,23871,13183,8988,Low
50351,34299,16052,0,27,5791,10225,4563,Low
113668,85647,28021,88043,26,23703,16189,16333,High
139585,126219,13366,16510,48,26161,28629,20018,High
171377,138588,32789,128995,80,41971,17371,18383,High
100353,33767,66586,0,63,8709,8327,5590,Low
90953,77698,13255,41288,85,13659,11953,8207,High
82458,36825,45633,0,44,9401,6986,5876,Low
45358,24719,20639,0,20,5664,6837,2758,Low
28267,16963,11304,6185,70,3156,4988,1559,Low
107745,66003,41742,0,53,21008,12204,9336,Low
114588,66789,47799,0,77,10165,17830,10220,Low
63513,57751,5762,27258,34,12267,6391,6866,High
182164,138246,43918,0,57,21085,37259,18639,Medium
36338,25809,10529,0,41,4366,5830,3977,Low
156484,52014,104470,0,93,10892,10285,8590,Low
32543,28883,3660,0,13,4645,8029,5324,Medium
130891,116637,14254,0,47,31413,31383,12034,Medium
189568,153007,36561,90895,72,25609,24387,29487,Medium
85692,26099,59593,0,56,7577,6741,3799,Low
69425,23412,46013,0,10,3758,2807,3936,Low
63756,28460,35296,46067,12,4606,7529,4410,High
43888,16913,26975,25058,95,3569,3976,1367,High
191807,107266,84541,125540,71,35324,12611,6512,High
72295,65044,7251,38595,73,18100,15390,10338,High
139352,84564,54788,14000,26,25709,18274,10710,Low
108042,33353,74689,66168,87,5947,7301,5180,High
110999,53699,57300,18664,71,17013,8493,6525,Low
42955,14131,28824,11114,44,2142,2166,1368,Medium
62841,20334,42507,0,22,3916,5134,1886,Low
95640,45832,49808,0,44,12522,6937,7313,Low
190983,91509,99474,0,52,20594,17318,8374,Low
163429,132644,30785,27852,11,46006,31696,20851,Medium
188551,176039,12512,91677,65,27474,20407,18940,High
86476,46808,39668,5796,86,16369,10246,7753,Low
69811,40404,29407,35914,60,11100,8803,2885,High
192280,163267,29013,117296,63,42733,38669,13183,High
176222,83580,92642,0,25,13531,14541,12778,Medium
96180,38630,57550,0,27,7906,7331,5177,Low
199358,170353,29005,4998,16,57056,28277,13727,Medium
137856,45523,92333,13173,54,10053,11910,8441,Low
93450,65677,27773,46523,45,18542,8283,6002,Medium
177424,118039,59385,132630,50,41301,34537,13357,High
136888,71845,65043,0,51,14556,16306,5772,Low
135448,68384,67064,79646,16,18136,18968,7399,High
39397,31584,7813,27308,24,9136,5850,3908,High
197627,70389,127238,82352,69,12875,11716,6636,Medium
156800,71173,85627,83952,49,12792,19938,11769,High
144180,111896,32284,0,92,26996,13402,12206,Medium
91234,59886,31348,0,46,13603,7391,9547,Medium
64954,24889,40065,15427,75,7288,3978,2017,Low
104459,91233,13226,52,64,14953,26635,9721,Medium
172851,96060,76791,133177,86,33086,21768,4919,High
180538,151311,29227,0,89,23128,31902,24784,Medium
193011,156727,36284,118056,65,42357,37782,22550,High
191342,135063,56279,0,53,35457,24783,23321,Low
84163,52299,31864,0,66,9253,13159,6189,Low
76934,72064,4870,6271,15,12984,12873,12248,High
188379,74264,114115,2399,41,22913,19700,10927,Low
79098,61012,18086,0,83,19982,9362,3083,Medium
30486,12934,17552,0,27,2672,2011,1138,Low
164407,85470,78937,118750,77,20307,17476,10605,High
111900,56023,55877,0,82,12381,10428,8000,Low
151020,138269,12751,11675,16,22746,31749,8273,High
127795,118693,9102,28029,17,33784,20517,18487,High
167202,70050,97152,0,73,22068,10235,9213,Low
112508,35363,77145,0,16,7460,6859,4557,Low
143324,110073,33251,91985,50,38309,23356,10325,High
85566,48917,36649,26361,49,8079,6286,6810,Medium
52192,18671,33521,17448,12,5271,3945,1010,Medium
26062,19401,6661,927,26,4649,3178,1158,Low
109076,71370,37706,25230,75,17080,12738,11424,Low
114780,107587,7193,41438,88,25985,16768,10574,High
177617,79539,98078,16622,61,16045,22770,8116,Low
46689,26266,20423,16930,31,7698,6216,2134,Medium
36174,23609,12565,24690,13,6948,3600,2758,High
113461,92425,21036,52765,15,19083,21165,5342,High
151174,99282,51892,9545,47,31478,26777,9437,Low
128033,89416,38617,19632,35,19078,16124,11540,Low
34348,15353,18995,0,20,4529,4083,1839,Low
179786,152907,26879,51992,99,26636,20012,30573,Medium
63102,36511,26591,0,26,6708,9659,3954,Low
99460,38950,60510,0,97,8302,8103,4208,Low
127634,93392,34242,0,40,25101,13504,11724,Low
114930,50621,64309,73266,86,14128,9184,3976,High
31801,11556,20245,8674,44,2649,3439,2096,Medium
128150,110246,17904,0,25,18253,28301,14975,Medium
179697,107657,72040,48677,88,24193,23148,8485,Medium
26542,20889,5653,1177,27,6010,2570,3530,Low
46677,22819,23858,0,71,6485,4188,1258,Low
64081,52003,12078,30138,36,9466,7936,10264,Medium
118105,44024,74081,88299,44,6672,5027,7914,High
44065,23415,20650,25595,54,7038,4880,3206,High
113092,105824,7268,83034,44,18124,29401,7057,High
79693,65036,14657,57911,37,10826,15291,5351,High
51962,32383,19579,0,18,4874,4855,2976,Low
53295,27758,25537,0,85,6565,5960,2391,Low
38807,33641,5166,0,24,8432,9710,4192,Medium
198420,129796,68624,155296,30,36022,31745,24879,High
182504,144721,37783,0,61,30277,34428,16878,Medium
196334,155137,41197,0,44,45313,45553,23151,Medium
193152,60198,132954,120284,60,11068,15637,9227,High
157396,60135,97261,21473,92,19026,7656,10868,Low
116267,84730,31537,41609,64,22400,14364,4666,Medium
191981,77762,114219,0,96,20745,22786,8604,Low
44870,20912,23958,0,86,4014,4139,3507,Low
190650,174504,16146,133807,53,28762,21346,30054,High
51790,34394,17396,0,74,8355,6594,6503,Low
143874,113368,30506,0,97,30963,27140,17619,Medium
50289,33325,16964,12008,89,5632,9981,2891,Low
40485,26685,13800,21776,34,9075,4397,3358,High
69482,25096,44386,18274,96,8685,5089,1376,Medium
111188,58193,52995,24738,56,15077,16057,8556,Low
29748,14385,15363,4389,89,4891,2460,1915,Low
165507,91686,73821,0,65,17043,11172,13755,Low
28709,23510,5199,6337,47,3646,6812,4455,Medium
148961,80700,68261,0,20,12741,15953,12354,Low
55355,32858,22497,0,76,8789,6589,3222,Low
169188,94457,74731,89877,24,15333,21181,7538,High
181542,65484,116058,0,10,22376,6594,11668,Low
198416,116410,82006,77664,16,20765,33319,9213,Medium
67918,29010,38908,0,10,6119,4998,2153,Low
77224,32539,44685,44652,58,10233,5837,2635,High
64298,23219,41079,48625,82,4498,3130,2933,High
105219,55959,49260,0,38,11113,9828,3840,Low
86629,68641,17988,0,35,19113,17900,13091,Medium
91040,43670,47370,33692,96,8961,11354,8512,Medium
53016,26668,26348,34706,54,5159,7657,5228,High
48960,35140,13820,26764,80,7057,6347,1963,High
58591,25035,33556,8604,21,6211,6052,4804,Low
128333,113320,15013,84280,41,38893,22828,22620,High
139821,89223,50598,47973,29,28234,23269,17074,Medium
61395,36280,25115,9282,60,7507,8798,5465,Low
154695,102498,52197,34874,90,22823,17791,15906,Low
178772,72925,105847,38261,45,17713,12202,4983,Low
59620,41659,17961,24764,76,14405,6269,7546,Medium
153148,82089,71059,28714,10,15143,17674,4838,Low
45559,40236,5323,4503,36,8912,11779,3929,Medium
118396,48513,69883,11715,49,14354,6792,9638,Low
46732,29421,17311,0,93,10085,3502,3334,Low
116362,80147,36215,0,23,14517,9928,5584,Low
186426,59973,126453,47953,78,11723,15390,11718,Medium
38843,20835,18008,1076,96,4065,3542,4117,Low
139065,107944,31121,14154,88,16643,15638,8425,Medium
96726,80596,16130,0,15,21827,13747,14484,Medium
42640,21471,21169,16835,42,6100,4918,2330,Medium
77528,63502,14026,28131,64,17177,13294,6807,Medium
63413,58913,4500,0,28,9677,14652,5267,High
77638,66533,11105,45255,86,10901,11165,3772,High
135133,50873,84260,57087,38,9771,9686,4588,Medium
131357,102566,28791,21235,70,21339,12348,5955,Medium
175159,88942,86217,15424,79,27332,10193,16779,Low
197502,186139,11363,60575,88,33854,35822,27782,High
180576,111141,69435,120937,89,17651,17818,20338,High
163186,61942,101244,112963,33,14172,13785,9761,High
103859,80113,23746,50088,32,18688,8700,5583,Medium
124657,63569,61088,72554,19,15268,7905,12147,High
167047,158377,8670,15389,63,49949,43242,29297,High
36023,33748,2275,0,50,5723,7197,3449,High
46447,33743,12704,24782,58,9812,8179,2251,High
150899,58003,92896,0,26,12620,15567,9026,Low
48959,36545,12414,34473,65,7747,7044,5819,High
91203,32875,58328,14227,54,11062,8291,6066,Low
144156,45998,98158,0,39,9185,9425,2663,Low
185775,155107,30668,92227,53,43198,22420,11052,Medium
34337,14982,19355,0,83,3071,2509,2093,Low
71427,39025,32402,39963,64,9812,7729,5575,High
86529,80709,5820,7753,28,24798,13186,4442,High
127023,65918,61105,86321,38,21511,11015,7220,High
109665,54033,55632,0,11,17168,9049,7436,Low
130787,117294,13493,0,45,31251,14611,18847,Medium
187993,69930,118063,147551,28,13969,8176,6812,High
58307,46279,12028,34535,16,13062,5058,5673,High
183427,172832,10595,17316,35,50463,21118,29745,High
152016,134662,17354,92004,88,20487,22723,26001,High
29835,21588,8247,2273,47,5134,4722,1825,Low
45159,22766,22393,992,12,7254,3133,2002,High
146790,68302,78488,47398,89,16933,18960,13043,Medium
130616,108739,21877,0,75,23082,28454,11894,Medium
194160,169285,24875,0,80,54909,34551,26705,Low
103752,66560,37192,55830,52,12059,16296,9440,High
80284,36835,43449,0,71,7046,6382,3419,Low
82043,30635,51408,47570,80,8806,3288,4535,High
191619,68344,123275,77468,33,15068,19195,10137,Medium
122007,93628,28379,0,48,27395,11755,13001,Medium
107844,61802,46042,0,77,11219,17897,4013,Low
52532,46673,5859,31335,53,9355,10005,9300,High
190421,148678,41743,151669,14,26959,23953,16363,High
147402,62545,84857,78494,64,21301,12453,9115,High
143012,99958,43054,56458,39,23098,20024,18278,Medium
161785,94333,67452,119484,38,20512,9872,10706,High
81178,54812,26366,1029,35,8377,9377,9103,Low
74407,58018,16389,43449,92,10482,14386,11358,High
75990,62617,13373,54028,35,14666,12649,6502,High
154473,131059,23414,7621,46,21454,19507,14520,Medium
83141,38667,44474,0,62,9749,6458,7185,Low
179865,57597,122268,29457,39,13881,15701,4259,Low
81570,63668,17902,36968,12,19319,13058,3456,Medium
193964,71596,122368,0,52,20187,14725,13340,Low
26015,13129,12886,0,16,3140,3837,2274,Low
86813,26259,60554,31945,58,5118,4311,5143,Medium
52712,39169,13543,11779,82,11569,7673,2300,Low
125497,51282,74215,37085,50,14952,13453,3765,Medium
164487,119406,45081,0,86,21571,30064,7856,Low
137816,130185,7631,0,88,43345,19939,19854,High
153778,53397,100381,1231,63,8697,6953,7523,Low
87292,30560,56732,61621,78,4920,7338,3175,High
48833,25454,23379,22333,36,4771,3857,1491,Medium
160230,138302,21928,42513,17,45901,39351,20185,Medium
45309,19940,25369,26208,41,5064,2509,2702,High
31970,17079,14891,12986,93,5253,2795,1143,Medium
97474,33582,63892,38920,73,6567,3726,6257,Medium
71540,56949,14591,6303,19,14125,13705,4546,Medium
176456,99768,76688,54985,22,22114,27760,16115,Medium
43017,34134,8883,8295,72,10771,7754,6238,Medium
100880,89515,11365,1266,44,13831,25740,12256,Medium
130570,58925,71645,37614,70,11712,7406,5128,Medium
33702,27797,5905,0,63,5017,3267,2679,Medium
156456,52946,103510,32146,17,17040,14172,9681,Low
25404,22463,2941,0,38,5469,6089,2128,Medium
197015,142441,54574,15909,50,32881,37918,23065,Low
185261,160852,24409,29495,39,38587,41788,31933,Medium
37763,11333,26430,30205,95,3902,1954,2266,High
174456,71509,102947,0,30,22886,10260,9297,Low
123142,68139,55003,62917,85,19847,19471,11855,High
165932,90711,75221,18749,20,18876,14640,18009,Low
105642,47261,58381,77805,11,8650,8491,5019,High
75612,41438,34174,5663,59,13852,9941,3640,Low
48574,18640,29934,37112,50,4373,2957,1251,High
48524,27575,20949,23715,75,5673,7275,1961,Medium
35916,29506,6410,0,12,7204,3363,5253,Medium
29809,18225,11584,0,89,6079,4706,2520,Low
188273,58684,129589,78579,60,13345,12932,10625,Medium
169528,97298,72230,35623,77,25543,20880,16386,Low
146288,46470,99818,0,96,14433,8907,7019,Low
63765,59177,4588,0,93,13931,9196,8367,Low
190888,73080,117808,0,34,14375,14090,4183,Low
70106,53280,16826,17697,39,18589,10123,9635,Medium
78932,73588,5344,49818,91,25116,15950,8291,High
173172,144932,28240,94452,20,46189,22655,19416,High
82091,61942,20149,58366,26,17819,7155,3301,High
46949,39702,7247,26010,35,8296,5122,7559,High
62744,58864,3880,0,32,19583,14117,10914,High
133319,93839,39480,0,65,19247,9806,12339,Low
117193,77754,39439,0,61,24116,21093,10620,Low
61187,43342,17845,13115,57,14461,10353,6750,Low
163311,105537,57774,67962,29,28558,26766,9467,Medium
149454,106531,42923,0,11,33089,28464,8872,Low
39489,23393,16096,483,97,7212,2913,3534,Low
86877,38398,48479,54251,40,7243,10155,2521,High
199197,75328,123869,57624,36,21361,15135,8896,Medium
74922,25804,49118,0,11,4352,7150,3197,Medium
119074,56102,62972,77099,87,14113,15558,6014,High
188121,62076,126045,57080,13,11325,6507,4828,Medium
62131,41544,20587,0,22,9690,7335,4291,Low
199016,96420,102596,28091,44,30526,19793,9703,Low
140765,117672,23093,0,81,40883,27731,14696,Medium
98963,34464,64499,5574,75,7361,5419,5211,Low
131884,58969,72915,37447,15,15119,8870,11512,Medium
150917,116909,34008,60750,40,29491,20605,8373,Medium
49285,33968,15317,19449,19,11579,6799,6146,Medium
62626,21413,41213,198,30,5261,6214,1983,Low
198880,173066,25814,79736,83,50158,43685,24005,Medium
44198,38461,5737,13569,32,12859,7148,5077,High
175830,90511,85319,136736,12,20335,10035,12087,High
40254,20982,19272,5125,41,6932,2805,3325,Low
69238,65282,3956,19616,29,21770,12480,7001,High
26252,18560,7692,8809,83,6238,4876,1816,Medium
64764,41795,22969,20242,38,8529,7361,7436,Medium
102709,86768,15941,54709,61,19962,18021,7202,High
193513,93938,99575,33363,55,30443,26148,7236,Low
78682,45554,33128,13915,43,10105,12880,2384,Low
84494,40054,44440,49291,93,10816,5733,3267,High
106317,86430,19887,42551,70,15005,9396,11044,Medium
90215,60685,29530,29962,81,9785,9775,7936,Medium
103587,75435,28152,14021,80,17531,18041,6650,Low
31949,14824,17125,4793,79,3939,4302,901,Low
80393,35625,44768,678,20,8141,4111,5760,Low
163013,100651,62362,11922,91,26727,10638,16476,Low
50934,39698,11236,22689,98,10044,10989,7926,Medium
179458,115105,64353,128043,72,33051,28733,21294,High
100745,32361,68384,23144,30,9058,9658,6113,Low
119456,103276,16180,0,12,24254,18523,17529,Medium
78413,26820,51593,0,91,6302,4913,3817,Low
122239,112617,9622,0,97,20063,15142,7802,High
67318,21295,46023,2004,19,5380,2622,3052,Medium
95390,71675,23715,0,36,19168,15463,4185,Medium
68088,24064,44024,0,21,5902,4159,4398,Low
128196,114343,13853,101608,16,24599,13271,13981,High
195883,117898,77985,138344,26,34700,32704,18229,High
80479,31337,49142,30452,74,5168,4376,1812,Medium
44963,23449,21514,18693,73,7805,5855,3051,Medium
80123,32620,47503,0,35,5027,5103,3105,Low
150911,62006,88905,55781,24,21235,16281,5750,Medium
127468,116795,10673,92085,42,28319,14445,12666,High
98477,58043,40434,4006,71,13496,14581,2907,Low
39388,32011,7377,27211,56,6443,3829,3841,Low
30569,21879,8690,8337,44,3325,4143,2690,Medium
94836,70148,24688,68244,74,14377,17312,12589,High
129573,49963,79610,97530,81,8587,6727,5859,High
192658,87123,105535,0,85,24565,13689,9107,Low
168087,136383,31704,0,92,29160,37226,27169,Medium
70002,65171,4831,0,34,19775,18053,8842,High
162326,76413,85913,0,66,14624,8328,9237,Low
173216,82540,90676,133253,41,27242,11028,10267,High
180286,109502,70784,0,72,27878,13522,18766,Low
162162,152350,9812,80683,21,26341,20710,15402,High
167709,79632,88077,0,72,18328,23414,8630,Low
178487,100761,77726,0,86,19280,21193,16462,Low
49071,43156,5915,21245,10,8196,8355,2630,Medium
83243,25130,58113,0,60,6314,7460,4517,Low
150827,49146,101681,61402,79,13976,10389,5628,Medium
133215,92270,40945,6654,17,30663,21427,12658,Low
197312,175567,21745,0,77,43967,29241,28726,Medium
126570,57621,68949,0,14,19773,10165,5180,Low
189506,114701,74805,21469,98,38806,25105,21053,Low
94724,56152,38572,0,95,18137,6398,11055,Low
140359,85258,55101,0,48,21314,12889,10584,Low
100697,70954,29743,0,32,12642,9888,13519,Low
53732,32525,21207,0,77,6296,3355,1631,Low
146465,86539,59926,87245,61,24190,17946,15934,High
167386,101818,65568,129145,13,23861,21606,9841,High
180026,123149,56877,103388,56,22088,21771,11911,High
82108,53292,28816,0,30,13099,8193,4487,Low
136195,116472,19723,0,65,17876,26836,11362,Medium
128081,42545,85536,30103,75,12626,5400,3489,Low
61668,51903,9765,33155,68,8549,10573,9647,High
48061,40782,7279,26997,16,11248,10342,7538,High
104252,50582,53670,31002,58,15609,6720,3304,Medium
64749,38904,25845,917,25,6867,9751,2778,Low
155560,91010,64550,87511,26,23091,22948,16318,High
129680,57322,72358,2251,93,17529,6419,6296,Low
172979,96508,76471,87345,96,19506,10013,7275,High
174849,57499,117350,22886,84,10498,16949,7279,Low
76745,36882,39863,0,43,8016,5114,4149,Low
133464,110887,22577,53803,42,28934,29321,9189,Medium
116865,56675,60190,1263,35,15022,12036,8961,Low
137428,114317,23111,39894,75,20139,17478,16540,Medium
48624,31388,17236,23381,72,7580,3954,2038,Medium
48321,42131,6190,32804,96,8580,8398,7954,High
166560,112195,54365,0,50,35723,20360,15008,Low
47574,15189,32385,18414,95,3230,3641,1329,Medium
161312,119213,42099,94002,67,37878,33479,9649,High
199293,65598,133695,50453,88,15462,17124,4617,Medium
166550,98745,67805,45592,19,29161,15294,11226,Medium
175334,158524,16810,27276,24,39949,43718,11149,High
143831,58594,85237,64660,51,16077,15625,6584,Medium
160504,88825,71679,40391,66,20347,25388,6423,Medium
120257,93128,27129,8116,96,28277,17855,13831,Medium
89291,77992,11299,48931,26,18331,19787,13085,High
152600,112330,40270,86402,69,27126,24525,14875,High
75428,35286,40142,0,18,8946,5719,5363,Low
156374,115481,40893,9598,45,36534,34515,22028,Low
156127,76950,79177,0,82,21690,8284,11215,Low
136317,104552,31765,48238,89,22983,13848,10938,Medium
164789,151625,13164,88151,45,43071,42228,17804,High
152449,117218,35231,38467,57,32643,13141,20991,Medium
53699,46227,7472,29323,60,15541,12821,3217,Low
98686,29740,68946,0,79,9465,7228,2940,Low
92661,71017,21644,0,83,19848,7622,9700,Medium
69247,58114,11133,54229,89,12686,10801,8801,High
172820,56402,116418,53417,77,17254,14150,9279,Medium
130113,112747,17366,27819,31,29882,24423,11018,Medium
29621,13828,15793,0,86,4799,3971,993,Low
171106,125324,45782,0,89,25002,34279,24215,Low
161198,132219,28979,0,15,21939,22018,8126,Medium
161194,117789,43405,0,35,19314,13772,7582,Low
43030,15490,27540,26246,84,4306,4474,1924,High
107838,74150,33688,77670,97,25051,15086,12819,High
109717,72109,37608,58353,12,10844,8283,11982,High
63638,56332,7306,5356,61,16626,14833,10739,Medium
92067,51811,40256,0,83,14580,14180,3691,Low
143033,72761,70272,72709,69,21570,16581,7738,High
130977,103131,27846,0,72,22800,19543,9521,Medium
113869,64704,49165,0,74,20323,15039,11590,Low
130186,93729,36457,90422,61,14897,22620,11552,High
59674,42976,16698,0,99,12939,11973,2321,Low
191926,168362,23564,0,85,34247,49022,26297,Medium
71271,49116,22155,15294,23,12051,9963,5319,Low
98688,61818,36870,78897,98,19443,16054,8016,High
194590,75941,118649,27294,81,15512,22243,13978,Low
136076,51059,85017,0,77,9550,6650,4519,Low
166339,66587,99752,0,37,19061,6901,5729,Low
26062,10729,15333,16176,80,2753,2937,960,High
75448,53916,21532,0,19,13634,7497,5430,Low
120462,94157,26305,43125,66,18958,10215,6224,Medium
162301,104602,57699,0,75,16420,13809,16169,Low
72915,61165,11750,53644,99,14193,10815,4961,High
29632,27982,1650,0,59,4793,4025,5286,High
129592,107951,21641,21673,23,35753,17385,8890,Medium
159668,120018,39650,108380,25,18992,35412,10603,High
134779,87083,47696,97689,63,20580,20976,8233,High
162240,96006,66234,0,52,15404,23275,15867,Low
133099,47230,85869,67020,51,7987,5617,5390,High
32561,18220,14341,6692,90,5133,4489,3150,Low
107152,95535,11617,68646,31,26694,23680,16023,High
150036,123811,26225,75872,77,19390,28717,23452,High
149049,65646,83403,0,28,9861,9563,10732,Low
51734,31210,20524,0,75,5173,5761,1803,Low
162443,134969,27474,119029,48,40841,36341,23699,High
51069,17557,33512,0,82,4686,4109,3348,Low
37910,20918,16992,5843,28,3297,5157,4163,Low
98479,84071,14408,47773,25,20817,18283,5783,Medium
106264,59777,46487,57591,63,17479,11352,8487,High
48275,16917,31358,20305,34,5477,4259,1351,Medium
97274,63485,33789,55882,27,21382,7210,5674,High
125776,108184,17592,0,32,23312,25383,17508,Medium
73447,50214,23233,0,94,8896,15036,9874,Low
190601,85214,105387,8187,20,16819,21818,11864,Low
151394,83229,68165,0,48,25404,13159,14780,Low
100703,59674,41029,0,77,20545,9283,3063,Low
101090,68389,32701,55815,34,16637,15964,3795,High
42260,33536,8724,21826,72,7078,9362,4678,High
137581,50116,87465,98184,39,11819,10804,5429,High
28812,25304,3508,0,54,5338,5199,4642,Medium
184096,56701,127395,0,99,11413,7488,5403,Low
141148,76295,64853,0,70,20504,18546,8759,Low
183357,58275,125082,39034,60,8924,14012,7528,Low
141421,78549,62872,94264,18,15859,23045,7144,High
26605,17074,9531,9083,85,4819,2732,3180,Medium
97303,61553,35750,50499,11,9627,15467,7366,High
183211,74687,108524,106594,14,12445,13952,8486,High
101125,72782,28343,51270,71,15188,15407,12916,High
169990,55944,114046,19107,78,18213,14729,5415,High
183518,145940,37578,65031,61,44216,21073,25192,Medium
149040,136419,12621,66941,95,21067,22996,9323,High
169118,88085,81033,114870,14,22051,22431,6819,High
180890,115083,65807,64200,68,23584,24638,22168,Medium
29324,16019,13305,21553,77,4480,1898,2825,High
101323,30838,70485,35696,18,9075,5737,3336,Medium
34111,18788,15323,14975,31,6060,4083,2738,Medium
194182,158184,35998,123699,36,38768,44592,30283,High
41389,28450,12939,0,19,9925,3917,2326,Low
147177,53840,93337,0,89,18628,14062,3168,Low
66427,56505,9922,35091,70,18445,7126,7380,High
184818,119245,65573,77284,60,31596,17701,8512,High
147883,125274,22609,0,19,28763,18624,9783,Medium
156189,105762,50427,51696,15,23571,29136,19431,Medium
150808,100105,50703,0,71,15258,13995,5116,Low
137221,50554,86667,0,14,10102,13012,8721,Low
38234,15629,22605,6370,79,4591,3006,1993,Low
78441,73092,5349,0,72,19787,21914,9786,High
25846,11592,14254,0,65,3863,3104,1747,Low
35954,33629,2325,3613,68,5380,8337,3857,High
104239,67311,36928,25935,72,12187,18452,4532,Medium
71514,27766,43748,50684,98,8547,6297,1816,High
113236,41279,71957,70199,68,9151,11092,6734,High
122579,53415,69164,72101,60,9276,8131,4441,High
162541,146557,15984,0,59,51190,17519,7945,High
186177,105971,80206,40127,13,32580,23651,20870,Low
67101,37377,29724,0,57,8662,6987,7365,Low
89323,44981,44342,9811,41,14154,8334,4800,Low
116922,46253,70669,31460,60,13233,9498,2489,Medium
193048,119130,73918,90616,61,36691,20523,18952,Medium
152534,58654,93880,0,83,18361,13209,10244,Low
92584,78054,14530,54078,43,13030,8282,5366,High
129537,70048,59489,0,45,19234,20592,4925,Low
103477,56252,47225,0,79,8514,16028,9750,Low
67533,41067,26466,26629,52,6516,11788,7732,Medium
26828,15793,11035,0,25,5224,2732,2662,Low
26917,25481,1436,15822,68,6510,5258,2041,High
45618,29856,15762,0,62,8872,8682,3335,Low
57254,20458,36796,22480,28,6499,5737,2866,Medium
130292,90483,39809,7873,98,30756,23349,6699,Low
72362,28838,43524,35768,50,9339,5233,2352,Medium
45128,14445,30683,24039,90,3563,3074,1335,High
148781,138512,10269,45071,56,30083,35816,17511,High
90545,72689,17856,69134,63,13149,11237,9203,High
107180,100435,6745,74954,64,23106,22626,17289,High
112958,68974,43984,63974,28,15401,18318,11239,High
165937,107189,58748,94737,71,28074,25885,20050,High
158291,64807,93484,31962,68,18346,12695,11337,Low
64809,29843,34966,34054,74,10315,6473,2628,High
141748,119785,21963,22476,77,35417,35664,11941,Medium
30287,16098,14189,3489,37,4487,3547,2013,Low
190459,159496,30963,152286,27,34613,41010,8316,High
33512,25497,8015,0,35,4000,6254,4731,Medium
157414,65352,92062,0,28,13568,15703,3702,Low
133872,84317,49555,30861,64,25606,20512,8293,Low
175288,129766,45522,0,66,24792,24769,17567,Low
118070,53459,64611,4684,15,15633,10415,6825,Low
104767,87998,16769,7935,10,23403,17033,13038,Medium
122829,80347,42482,3228,17,14813,8569,10375,Low
182686,74427,108259,0,60,15058,11031,6277,Low
192330,130580,61750,0,94,32548,17094,10467,Low
67078,63711,3367,3352,97,14887,17666,11855,High
131288,52231,79057,75750,34,15967,8095,4679,High
108524,90171,18353,20002,56,26770,11513,8308,Low
37219,16180,21039,20402,64,4286,2005,1811,High
25235,20403,4832,19822,73,6415,4896,1446,High
67929,52813,15116,37556,92,13865,5345,6659,High
152309,75441,76868,107614,19,25867,14655,11297,High
92444,47311,45133,0,65,9152,5855,7943,Low
164639,134203,30436,64110,21,39298,36225,21032,Medium
126834,76092,50742,71262,42,17043,22195,5489,High
109555,84908,24647,74669,80,17473,24771,10053,High
98698,39103,59595,0,26,7276,7366,2181,Low
149450,127654,21796,31252,70,33253,29220,6723,Medium
161487,123065,38422,122290,19,23763,27067,14277,Low
192231,170991,21240,111694,40,32500,29069,15037,High
68925,26607,42318,0,69,9262,5023,4057,Low
162023,111060,50963,58209,79,34467,12534,17618,Low
112388,77483,34905,71609,26,23218,20078,14280,High
33007,17485,15522,14445,59,5399,2590,2869,Medium
197904,118347,79557,102902,46,40685,22735,6773,High
83596,27142,56454,50409,91,7183,5323,2870,High
146101,114661,31440,72700,71,22249,24324,10428,Medium
186595,122604,63991,80620,99,39532,32315,13231,Medium
113861,38431,75430,68281,89,11473,9161,2844,High
111740,82965,28775,0,81,19319,19298,5364,Low
40524,24452,16072,20419,97,5983,5021,3133,High
175354,56534,118820,0,86,13130,6738,8935,Low
180002,167445,12557,58437,38,56259,30207,26001,High
156149,143176,12973,0,41,31313,41730,16843,High
150501,95325,55176,0,97,32667,28512,12234,Low
45611,16460,29151,9797,89,5465,4050,2097,Low
173056,136801,36255,0,20,37771,19904,21031,Medium
39060,24207,14853,26146,15,6438,2913,1384,High
68303,33918,34385,0,44,7598,6205,5307,Medium
185359,114815,70544,41068,42,17643,31150,15767,Low
64711,41388,23323,3406,27,7264,10114,3299,Low
168026,111865,56161,94899,46,33654,30961,6416,High
98340,57705,40635,18740,22,14097,12877,3824,Low
127974,88780,39194,0,83,15977,11192,11426,Low
174646,156688,17958,61992,99,31775,19266,25659,Medium
165256,88490,76766,0,90,30048,9698,8866,Low
175168,135179,39989,57641,73,30202,28849,14446,Medium
92728,81729,10999,10773,10,27096,12143,15538,Medium
190088,113365,76723,79732,72,23911,27987,9290,Medium
36246,21321,14925,0,98,5514,5058,1397,Low
174453,120612,53841,84810,43,18585,19734,12243,Medium
152796,104575,48221,0,19,26601,14155,16929,Low
192527,158696,33831,129548,93,44020,19119,22838,High
117263,71496,45767,3373,16,14074,17692,8033,Low
160090,151682,8408,84322,65,40315,28832,29534,High
36302,12293,24009,0,89,3435,2024,1969,Low
92506,27942,64564,0,46,8029,7581,1656,Low
66157,47376,18781,14784,38,14462,10362,7660,Low
79917,39477,40440,0,21,8379,8037,2116,Low
121646,55500,66146,0,26,14627,13801,8188,Low
108122,54356,53766,17874,57,18824,14301,4433,Low
49519,23097,26422,0,93,7613,5478,3567,Low
105910,33892,72018,0,35,11541,6371,3269,Medium
145430,135467,9963,10572,92,30781,23823,24512,High
96324,42718,53606,65860,21,13130,10864,4294,High
30408,23630,6778,0,30,6474,4810,3378,Medium
84379,67139,17240,0,51,11181,16172,6236,Medium
50053,45248,4805,8385,70,14243,12582,8487,High
165518,52942,112576,0,67,15110,14992,8849,Low
156994,136087,20907,92591,63,25827,21167,11770,High
123723,79516,44207,0,43,13195,10939,15292,Low
76356,54300,22056,28813,16,17235,8267,5624,Medium
35789,25728,10061,27479,44,4265,6439,3802,High
122720,102209,20511,66382,24,17198,17785,16499,High
91656,47360,44296,66560,74,11152,6378,2530,High
69028,53599,15429,40299,99,9484,6414,10389,High
89484,57589,31895,0,34,19161,9528,5854,Low
57154,46620,10534,0,68,11377,5931,3658,Medium
27336,25801,1535,7861,88,6807,3387,4582,High
128677,55385,73292,0,95,18588,13113,8608,Low
92779,87817,4962,0,15,22485,9128,5533,High
44029,15779,28250,4068,61,3482,1948,1065,Low
84201,25387,58814,21966,88,7855,6825,3992,Medium
57265,18823,38442,10098,97,4490,5063,1152,Low
127916,66792,61124,94687,30,14273,11077,12528,High
199944,142237,57707,138835,80,41909,16725,22933,High
71197,24553,46644,0,41,7619,5917,2463,Low
150733,45775,104958,7397,62,14114,7874,4780,Low
179782,163441,16341,0,68,56474,17830,20589,High
185558,154802,30756,92543,78,47575,20366,16121,Medium
96907,80042,16865,75242,71,24331,10200,13408,High
153876,134622,19254,68807,13,43280,29323,26414,Medium
89435,67525,21910,24068,95,10131,18881,9296,Medium
65631,24143,41488,0,27,5371,6243,2822,Low
154038,86171,67867,120675,90,25637,18035,7188,High
45103,34731,10372,25126,65,9375,6405,5140,High
89772,43289,46483,48259,33,8030,9685,6616,High
151108,112849,38259,29095,75,23782,21301,17240,Low
39382,12441,26941,23427,22,2704,1856,672,High
109291,54535,54756,0,71,14373,12861,10081,Low
126195,82901,43294,0,63,26223,22768,8349,Low
159828,113615,46213,61848,24,38231,19834,18363,Medium
45609,30789,14820,10749,78,9237,8260,5048,Low
172550,130023,42527,35711,12,41424,24212,19189,Medium
195738,59496,136242,4055,46,14518,10725,6498,Low
100683,36810,63873,22972,46,8391,3889,5199,Low
149714,129474,20240,66349,12,29590,30951,7254,Medium
155330,115431,39899,198,72,31536,30185,18963,Low
96315,35964,60351,0,44,6288,8369,2335,Medium
102834,87136,15698,72511,61,23169,11351,9542,High
151205,69168,82037,0,96,19576,8345,4533,Low
39153,23917,15236,0,37,5687,5131,4198,Low
101325,39960,61365,32696,27,13611,7204,5296,Medium
169071,128759,40312,91497,45,34976,23925,19782,High
80318,58909,21409,0,42,11428,17293,8976,Low
156886,68594,88292,0,73,16863,16790,12089,Low
140033,120597,19436,0,35,34379,21991,8427,Medium
101077,56688,44389,53045,57,12172,5885,8444,High
115474,56597,58877,0,49,9391,6045,7712,Low
158515,63249,95266,0,26,16867,14987,3455,Low
98319,46505,51814,43241,49,15791,12442,3730,Medium
150885,47425,103460,54602,16,11714,11455,4274,Medium
134777,91529,43248,18267,66,30316,16583,5572,Low
42368,35904,6464,0,17,11381,3813,3705,Medium
171400,112581,58819,133660,65,20206,33040,6088,High
116751,51665,65086,77112,40,15067,15358,6870,High
52306,16836,35470,2511,68,3991,3533,1375,Low
195987,86137,109850,58988,67,17231,9831,8015,Medium
62219,35494,26725,46071,21,10200,7389,6622,High
85279,67689,17590,0,57,20207,18849,8489,Medium
78028,32935,45093,41330,40,6125,7772,2975,High
129263,99256,30007,94372,92,33041,24218,13872,Medium
25126,21696,3430,17563,72,6513,2538,1741,High
77329,46015,31314,0,83,15492,5581,2814,High
52632,43891,8741,0,48,9366,5506,2332,Medium
134945,89134,45811,36671,85,30115,25035,17178,Medium
80176,57254,22922,0,29,12807,11746,9085,Low
159869,102648,57221,0,57,16505,26515,17449,Low
169790,102054,67736,33942,80,30880,12558,20118,Low
59560,26952,32608,16974,63,7834,7695,5113,Medium
101589,50497,51092,14402,87,13613,13342,8106,Low
47116,23015,24101,26201,84,5707,3336,3546,High
192316,128108,64208,94810,80,20040,35208,12878,Medium
157717,59612,98105,0,38,16388,9102,3910,Low
149085,133567,15518,0,83,31170,18842,18172,Medium
142718,109668,33050,103791,82,28737,16762,14962,High
44256,24824,19432,1031,57,5855,7000,4786,Low
125158,50451,74707,77007,83,17315,14283,5871,Low
193502,168984,24518,0,92,45764,28017,25959,Medium
195354,163209,32145,69757,65,48937,39347,22236,Medium
144719,111306,33413,63756,26,37540,26173,8516,Medium
93244,44431,48813,70452,18,11921,11610,6167,High
167766,94215,73551,28490,43,14359,15008,12343,Low
81264,29806,51458,33814,54,4675,6021,3698,Medium
82545,34906,47639,31348,97,10139,8151,4433,Medium
64224,51954,12270,13276,18,10693,5468,3875,Medium
122945,94025,28920,0,16,24998,16487,11238,Medium
38224,26212,12012,27509,25,4992,6269,3691,High
65738,57995,7743,41122,28,11833,8729,7157,High
181222,123072,58150,0,15,30882,35880,15175,Low
88731,53551,35180,6157,20,18481,5678,3300,Low
164649,85821,78828,79748,85,23450,25026,6746,Medium
33070,30136,2934,0,70,10162,4320,2957,High
151161,53475,97686,81364,51,18281,5869,6037,High
33666,30470,3196,0,22,5838,4829,4238,High
82761,69301,13460,43882,21,14708,17828,12439,High
61368,23593,37775,28974,94,7172,5909,1742,Medium
162855,108663,54192,55071,83,35136,15404,5679,Medium
66914,57763,9151,10753,29,14662,8049,6780,Medium
152738,102590,50148,37353,59,35767,23443,11778,Low
92526,82318,10208,38823,45,12538,15773,10930,Medium
44956,41042,3914,0,97,8615,10607,7181,High
71240,40930,30310,44424,78,11240,4290,6972,High
146008,79611,66397,0,46,19413,17680,5175,Low
193220,175561,17659,150354,21,30428,43211,33374,High
119270,88121,31149,27273,49,19700,26319,5865,Low
29757,11171,18586,0,63,1732,2633,1621,Low
44097,14441,29656,12193,11,4022,2113,2178,Medium
166467,111034,55433,0,59,36480,13505,16875,Low
172313,155876,16437,0,50,50967,35568,13998,High
128892,109398,19494,84325,54,31715,22386,10890,High
183768,135859,47909,0,18,33034,38017,17974,Low
95480,37277,58203,0,71,9408,9144,2979,Low
71163,33108,38055,0,95,5872,6686,1756,Low
44816,38948,5868,2484,56,8498,7038,5231,Medium
77853,32606,45247,0,14,6115,5897,3905,Low
180989,87053,93936,88277,85,27355,12645,12928,Medium
121731,46773,74958,0,10,15573,4839,3367,Low
177638,131358,46280,57849,53,33809,28239,23137,Medium
87823,80234,7589,47612,31,23713,11431,5771,High
176878,83986,92892,0,47,14638,11897,15428,Low
26759,16296,10463,12886,28,4427,2038,1913,Medium
198021,141054,56967,110487,89,40984,19454,18685,High
117374,111464,5910,8497,40,26813,11855,20563,High
158554,58367,100187,63108,76,11594,13707,5544,Medium
49442,30855,18587,0,96,10042,5562,2384,Low
189791,104447,85344,109985,51,31185,22174,12205,High
118501,102240,16261,17970,91,33736,23248,8859,Medium
27079,16501,10578,19328,35,5176,4859,2131,High
158789,59091,99698,54742,22,20568,6715,5394,Medium
84676,60321,24355,13412,67,11366,11073,10838,Low
184024,147404,36620,64485,27,24667,21989,20798,Medium
198532,59931,138601,0,76,13029,11707,2998,Low
115397,99047,16350,0,96,17412,28138,16919,Medium
97847,41185,56662,0,12,10486,10081,4099,Low
118607,78143,40464,49451,64,21614,18159,7660,Medium
174521,99523,74998,20911,98,26439,18735,10694,Low
189608,145576,44032,9947,67,29384,34097,21041,Medium
89077,48213,40864,51979,72,15995,5133,5607,High
63258,54740,8518,28325,61,8442,11892,7898,High
184937,143293,41644,53114,98,31467,30199,10319,Medium
162717,117321,45396,105226,33,34468,19865,22939,High
144771,118358,26413,44943,81,35908,16605,18871,Medium
63000,49777,13223,40116,18,11609,13017,4357,High
51737,16729,35008,12655,46,2565,1853,2653,Low
36485,20306,16179,2126,92,5555,2313,2766,Low
63565,57527,6038,47426,62,9354,10821,3818,High
181594,69318,112276,57318,89,11892,10433,5318,Medium
144614,112670,31944,91707,33,31553,28065,6331,High
90155,84158,5997,20132,30,17883,19090,14423,High
77487,25875,51612,0,49,5682,6585,3435,Low
154948,115192,39756,108254,71,28494,18999,11232,High
37342,22565,14777,0,79,7801,5598,1555,Low
65806,44515,21291,43728,78,15272,12128,5457,High
73770,26223,47547,33717,23,6116,4433,3377,Medium
103623,33983,69640,50358,51,6901,5708,5277,Medium
128177,94013,34164,0,59,19791,26322,18378,Low
156026,130305,25721,109152,70,26550,14328,15016,High
100629,81339,19290,3496,13,20859,13830,9020,Medium
145993,95402,50591,0,81,25889,11804,10063,Low
151944,55446,96498,106453,97,13737,5865,9649,High
130947,97847,33100,78813,84,22661,11993,7186,High
51399,23501,27898,725,26,4518,4377,2387,Low
153177,136663,16514,0,94,33687,32442,21694,Medium
134575,113698,20877,57013,66,24811,17947,5952,Medium
135904,103436,32468,43585,99,26719,27921,9661,Medium
55678,51042,4636,13246,57,14548,9571,7463,High
101218,32432,68786,55202,53,8972,9523,2526,High
88230,68689,19541,0,54,16656,19976,6553,Medium
99055,50979,48076,0,89,13316,12982,6265,Low
187552,166723,20829,0,99,34506,47762,18890,Medium
97258,46035,51223,32309,42,7128,11113,3033,Medium
64986,50114,14872,0,40,13781,13987,9558,Medium
180232,156886,23346,0,56,31457,23108,8886,Medium
110595,36173,74422,42671,15,10265,6116,5876,Medium
126358,70567,55791,0,81,21127,17683,4284,Low
89929,71538,18391,0,80,23835,13228,8591,Medium
98506,58679,39827,48074,43,20046,15694,4477,Medium
59911,28380,31531,0,62,4316,7819,2019,Low
112127,49658,62469,27316,23,17284,7942,3420,Low
187893,72430,115463,3736,25,20758,19171,8540,Low
138453,118672,19781,433,52,33074,15528,15109,Medium
109458,73772,35686,19895,82,11290,12308,5164,Low
37175,12998,24177,12086,83,4188,2646,2559,Medium
144235,79138,65097,98225,90,14173,11497,7016,High
79771,42998,36773,50956,21,13650,9281,5109,High
152157,63621,88536,32520,79,9741,13725,5244,Low
146300,85304,60996,28621,28,23816,12060,10585,Low
111925,57738,54187,20354,50,13681,14961,9434,Low
91358,47704,43654,24793,62,9071,10796,6113,Medium
173399,135314,38085,0,38,23208,22130,12563,Medium
72057,32074,39983,0,79,7634,4696,2798,Low
31150,22341,8809,0,68,3902,6160,3660,Low
29425,19741,9684,3070,98,4881,5273,1337,Low
41032,27461,13571,412,73,7552,4007,2896,Low
27198,19880,7318,3349,33,6271,2129,1445,Low
176151,115634,60517,99399,98,33040,30169,10256,High
192292,167585,24707,37479,25,27323,37388,12217,Medium
197946,146307,51639,0,61,30941,17582,26776,Low
169931,111394,58537,0,89,23124,24225,17799,Low
187491,157369,30122,133019,15,52404,29968,21109,High
143865,99841,44024,102300,46,32304,25450,8353,High
164777,80616,84161,98303,94,18060,11432,10200,High
198952,86466,112486,5595,13,14200,16483,11078,Low
48236,19246,28990,0,47,6328,2526,2666,Low
112955,99925,13030,71078,50,32739,29128,5896,High
128145,97593,30552,1772,90,31322,24959,19121,Medium
171430,155880,15550,0,23,49728,38556,18676,High
119914,82997,36917,82286,80,20421,19756,15684,Low
127870,77707,50163,48498,95,14413,14349,3999,Medium
141243,47855,93388,463,60,11748,13622,4169,Low
39596,29165,10431,348,74,7259,3341,1913,Low
189644,128661,60983,63210,61,31906,33535,21285,Medium
157351,148482,8869,0,39,38271,21239,14554,High
136496,62167,74329,72555,66,12528,10245,10945,High
155273,100147,55126,88045,88,22357,20418,17511,High
163155,117981,45174,0,91,27942,30265,17717,Low
145674,104737,40937,0,39,18457,28038,15696,Low
145307,96606,48701,51369,51,23289,20939,14976,Medium
173843,139944,33899,19866,20,43675,25274,21140,Medium
186047,80602,105445,0,36,25438,23318,8707,Low
44063,34001,10062,27846,33,7898,5076,5182,High
92642,65111,27531,47380,48,16522,16969,12020,High
115093,101563,13530,0,81,15917,22588,10144,Medium
193671,164751,28920,0,27,46935,28893,31588,Medium
184601,93194,91407,130284,86,21520,9344,4849,High
60954,29230,31724,0,54,6988,5533,2992,Low
52856,49582,3274,31611,97,16100,7702,3461,High
27573,17721,9852,0,96,4294,2141,1222,Low
60367,53676,6691,35009,21,8278,6174,9249,High
124608,50655,73953,11382,58,9902,8586,9510,Low
85774,61571,24203,35566,40,15092,13727,10261,High
48752,40289,8463,22907,31,9463,10777,7916,Medium
80029,73291,6738,11153,53,23605,10019,6042,High
173757,90226,83531,133847,73,23316,16685,6416,High
155282,119759,35523,21811,86,34481,21363,15341,Medium
76693,49867,26826,0,34,12160,10106,8694,Low
141739,48107,93632,103771,60,11446,12600,2692,High
80961,60599,20362,0,16,14498,12769,12079,Low
151678,113540,38138,7667,15,26362,30579,15933,Low
99532,90065,9467,47631,33,23211,18347,17728,Low
106994,66684,40310,51513,28,13342,14721,6985,Medium
81133,36482,44651,0,92,11973,6839,4330,Low
86268,28379,57889,67118,18,6147,7509,4621,High
194315,110792,83523,84570,45,19887,31549,18713,Medium
56653,28113,28540,25371,49,4759,6404,2388,Medium
182729,145216,37513,76032,33,22172,38359,27514,Medium
196024,103946,92078,0,57,24382,11621,18722,Low
178252,163438,14814,37689,72,30648,45962,8618,High
146829,135890,10939,33740,78,20971,18723,9415,High
153377,107914,45463,62742,62,27410,16327,13426,Medium
26622,24056,2566,17180,63,6879,2662,2866,High
73756,58603,15153,0,51,9795,17175,9157,Medium
65809,43135,22674,0,54,10446,11663,2737,Low
41725,17407,24318,26930,99,5199,4919,2554,High
76226,45589,30637,0,23,15826,12283,6494,Low
106182,70565,35617,1276,38,20000,13824,6001,Low
54402,46871,7531,13609,15,9325,13349,6156,Medium
29263,17934,11329,0,16,5260,5270,1494,Low
72924,64427,8497,8067,46,17368,12918,4641,Medium
99182,73228,25954,0,62,14086,9894,9956,Low
167736,65257,102479,74115,27,20896,15121,12830,Medium
60737,57502,3235,0,96,13540,16968,4918,High
126332,81193,45139,0,47,27800,22281,8387,Low
114563,63549,51014,36662,68,18720,17308,5623,Medium
185445,135082,50363,115471,10,37676,38736,12153,High
192469,71363,121106,144923,77,21099,19895,7894,High
153575,109614,43961,105890,53,26923,27979,17020,High
126371,78836,47535,57047,56,19791,19208,4400,Medium
63709,35953,27756,20911,44,11513,5499,6959,Medium
175322,161202,14120,46699,96,46133,36152,9179,High
46172,29533,16639,4615,69,9729,6033,5380,Low
36555,16172,20383,3115,99,5307,4405,2978,Low
78276,46834,31442,43105,61,16171,9289,6026,High
82492,74044,8448,17144,17,21475,9296,5223,Medium
114599,47496,67103,23347,89,11895,4796,6401,Low
180834,79399,101435,144406,50,14550,18704,11456,High
36046,11119,24927,5419,12,3236,2334,1986,Low
141021,43607,97414,16703,78,9084,7247,5783,Low
184841,155100,29741,0,93,32042,20751,17310,Medium
179222,139054,40168,83131,23,27485,26885,24437,Medium
29853,15845,14008,0,35,5150,1902,3123,Low
145900,109994,35906,42629,79,35593,18393,16143,Medium
177864,99049,78815,0,67,27356,17417,17943,Low
84129,77346,6783,53061,49,18918,14937,10813,High
139130,129193,9937,0,60,36745,24976,19827,High
188059,104432,83627,0,14,28347,15811,16001,Low
171922,147035,24887,113367,86,34280,39705,22896,High
168184,134968,33216,75997,41,30492,23094,13247,Medium
146789,73614,73175,0,89,16677,10741,10037,Low
180130,81207,98923,14376,10,21749,10976,11297,Low
63890,38196,25694,2786,86,10677,6283,3714,Low
91017,73530,17487,0,63,17672,8346,7535,Medium
188993,174650,14343,0,20,60033,18614,28701,High
157596,125497,32099,64133,62,20929,27738,17244,Medium
125424,107348,18076,5489,17,23553,24027,7770,Medium
40048,27712,12336,0,34,6479,5706,4867,Low
191183,161170,30013,143119,49,24720,40688,29408,High
193976,157096,36880,92738,41,35031,16939,18839,Medium
79912,43555,36357,51746,97,8917,12508,3542,High
59008,38874,20134,37772,37,9765,4626,7469,High
156132,128510,27622,116428,87,27922,30174,23432,High
108559,35817,72742,66892,12,10574,4537,3103,High
80337,66298,14039,48054,93,16706,18296,4265,High
135616,56365,79251,25398,88,9917,11393,6543,Low
38350,24334,14016,1838,71,7300,2833,3685,Low
49354,40735,8619,20436,36,6918,9097,3108,Medium
70186,32635,37551,0,54,10371,3322,4144,Low
53145,24434,28711,40908,34,8216,6235,2780,High
190092,106793,83299,44089,70,22905,24574,19605,Low
111123,97956,13167,75825,53,32837,13961,11209,High
45581,13687,31894,14134,55,4223,2394,1780,Medium
113929,100929,13000,29456,23,33759,10250,19508,Medium
48051,19219,28832,0,17,5443,4588,1824,Low
76474,72157,4317,22227,57,14224,11872,6735,High
116748,107484,9264,36452,23,35351,23035,18265,High
150995,93849,57146,0,74,17535,27342,8599,Low
94626,59923,34703,0,89,11541,9581,10473,Low
31960,19591,12369,7385,91,4000,5839,1260,Low
191844,136792,55052,0,16,28842,30989,9122,Low
177592,63750,113842,0,88,16122,9461,11806,Low
61408,19724,41684,35331,97,5773,3695,2586,High
119006,40165,78841,70950,58,13464,9964,6338,High
82134,48363,33771,33803,64,8109,9154,4052,Medium
176563,84592,91971,46752,22,28835,9618,6339,Medium
157413,110870,46543,0,82,37059,14825,19429,Low
115327,108994,6333,28588,65,17526,28148,11312,Low
156410,86199,70211,63503,65,19141,19797,10193,Medium
168326,113282,55044,54032,24,35415,24238,6139,Medium
36344,20721,15623,24861,66,5642,2766,2235,High
157822,134263,23559,54532,67,41060,35922,22229,Low
92957,82402,10555,28712,44,24210,24073,14271,Medium
130423,113504,16919,71975,97,28302,12278,17571,High
83053,77516,5537,40027,25,12266,8961,11924,High
171968,54666,117302,14754,17,14587,15139,6884,Low
102454,86663,15791,41651,96,13841,22801,11331,Medium
115600,91168,24432,68017,54,24683,20383,14714,High
147732,66280,81452,117248,49,20552,19154,5772,High
184007,169582,14425,92613,63,45278,38882,14368,High
62641,24825,37816,18556,23,8673,3554,4778,Medium
54711,40579,14132,9898,68,9786,9971,2197,Medium
95342,42539,52803,66573,62,12751,9747,3016,High
131896,76552,55344,85950,36,21698,22747,10376,High
168254,129127,39127,31486,56,44973,18436,20747,Medium
112833,75164,37669,18110,89,21996,16504,9822,Low
81276,46967,34309,46498,15,8585,12025,4849,High
44541,22810,21731,11222,64,7780,3827,4486,Medium
119457,101034,18423,29281,53,28648,17775,15718,Medium
69813,27469,42344,8505,27,4446,7624,4799,Low
193270,112012,81258,40814,25,31532,20256,6276,Low
164892,146332,18560,0,21,47795,32916,12494,Medium
49070,41699,7371,28768,29,11067,11585,4425,High
167194,93730,73464,44982,54,20695,13306,7253,Low
105559,84027,21532,27749,73,26399,24903,5120,Medium
66786,55769,11017,15222,68,17093,13406,4671,Medium
162809,142909,19900,62295,99,36990,28470,18584,Medium
61062,39930,21132,8824,31,7222,7434,6163,Low
76571,33147,43424,29748,56,6635,9641,5505,Medium
50510,23535,26975,28454,38,7006,3321,1328,High
44426,21866,22560,1058,95,6805,3549,2497,Low
62265,42712,19553,0,54,8792,6900,2918,Low
173922,55885,118037,10452,86,12495,8818,6408,Low
91150,65028,26122,39060,18,10763,12596,7484,Medium
112312,60292,52020,76772,33,17647,17957,7520,Low
114613,56378,58235,447,24,8497,15659,10369,Low
99910,87088,12822,74865,45,13873,14420,14871,High
77375,46347,31028,0,22,6992,8554,6743,Low
146826,53119,93707,98900,53,14823,12424,9710,High
60435,50607,9828,0,80,11815,5234,7680,Medium
121443,40193,81250,64059,81,8420,10612,6946,High
159055,122852,36203,64981,87,40853,33902,16531,Medium
176734,141924,34810,67448,85,26761,38523,18277,Medium
48510,25671,22839,32400,45,5849,4492,4071,Low
197070,164772,32298,0,70,55703,31702,8725,Medium
119071,75631,43440,0,90,17805,7750,11613,Medium
31640,19020,12620,2825,49,4963,3421,3617,Low
69547,22916,46631,0,36,3805,4401,3599,Low
79620,38895,40725,51054,10,11980,10944,2159,High
171389,155133,16256,0,43,36386,43250,16550,High
140608,77993,62615,54172,77,24185,22869,13370,High
32564,21340,11224,17729,97,4284,5911,4135,High
183417,118453,64964,0,30,27776,12039,12499,Low
138824,94925,43899,69842,42,29171,21670,16723,High
104273,35438,68835,63635,16,12218,4027,6363,High
99859,53465,46394,0,74,8657,8261,3661,Low
135017,103967,31050,38481,12,32488,22421,18388,Medium
148618,63959,84659,32586,60,13440,15358,6308,Low
150341,64996,85345,96358,88,16908,15009,9033,High
54430,16686,37744,0,63,3470,1832,2183,Low
52788,30847,21941,38148,89,8411,3723,4610,High
169991,148534,21457,0,83,32790,18673,23924,Medium
94346,31486,62860,0,68,6823,3724,3656,Low
121122,51383,69739,89824,15,8097,6969,9415,High
64974,32588,32386,33706,38,5846,7746,5586,High
132309,102621,29688,40179,26,34215,27314,17221,High
41371,29638,11733,24990,69,10363,5387,3519,High
70084,39973,30111,0,31,12235,9535,2223,High
185701,147334,38367,78915,33,30551,20627,18245,Medium
86916,60516,26400,0,90,13948,17831,11181,Low
98972,87335,11637,0,94,26017,14846,6861,Medium
37984,31591,6393,26316,60,10857,8503,6235,High
58039,26949,31090,7993,59,6497,7790,4612,Low
110431,52613,57818,75138,20,16620,14360,8232,High
108691,41463,67228,0,65,14305,4702,6284,Low
83606,43393,40213,36748,80,14089,9983,5990,Medium
166688,158304,8384,87501,51,30937,19632,25027,High
127665,71969,55696,0,48,10910,7278,8153,Low
130373,57796,72577,29390,78,14357,6378,10217,Low
49574,39441,10133,0,57,10107,11170,6091,High
159502,104091,55411,109976,66,19803,29321,17246,High
168748,67033,101715,88299,30,13871,9730,11320,High
166888,91362,75526,0,91,27685,19132,5829,Low
57733,32873,24860,7340,29,8023,9566,1918,Low
27050,21369,5681,1156,24,4561,4259,3635,Medium
134996,42312,92684,0,78,11615,7561,3761,Low
58933,27985,30948,2326,86,7851,5503,3842,Low
49951,31790,18161,22751,60,9660,8203,3705,Medium
57413,27256,30157,0,85,4942,5327,1452,Low
190873,135230,55643,115621,71,40339,34707,7578,High
188985,115888,73097,46210,94,31276,21594,20172,Low
137573,73616,63957,65262,46,11890,11071,10391,Medium
196672,180345,16327,84597,15,55093,29810,23188,High
191472,136118,55354,721,80,30846,15730,26087,Low
160566,61731,98835,9298,35,13338,12313,4689,Low
147744,98110,49634,34320,17,23508,12717,8701,Low
114431,92400,22031,80764,82,20257,24237,15108,High
68001,51716,16285,7997,13,11256,9521,8599,Medium
92364,38040,54324,52528,30,11853,9624,4212,High
149988,139799,10189,0,40,24450,40666,26931,High
70028,41437,28591,44289,30,14259,11183,7903,High
193645,78109,115536,37636,34,20385,22674,4050,Low
156878,65438,91440,0,24,12209,13976,4963,Low
149343,54338,95005,0,44,9576,7230,9402,Low
153301,126057,27244,57413,58,33821,36188,12641,Medium
151295,57389,93906,107424,52,15873,15707,3691,High
185829,70862,114967,95332,50,11380,19337,11887,High
59636,50857,8779,19734,46,10100,12137,6010,Medium
49262,25812,23450,11539,66,7978,5807,3197,Low
105435,33745,71690,31638,51,5396,3473,2630,Medium
153583,51255,102328,0,56,16453,12793,7643,Low
194269,76233,118036,0,70,21469,9018,10115,Low
66844,29324,37520,51815,23,6946,4455,2375,High
89754,65730,24024,66997,77,14413,13822,6641,High
190229,76521,113708,0,62,11772,14565,10677,Low
102129,38530,63599,34464,93,12138,3974,7271,Medium
65042,51842,13200,0,43,9256,13727,9749,Medium
86665,63801,22864,62594,85,13519,17593,5945,High
141953,82753,59200,96576,33,21832,19560,13268,High
183448,120534,62914,60805,29,24010,25096,20048,Medium
170271,85610,84661,15308,78,21353,25010,14667,Low
143533,88075,55458,0,39,27467,10920,11944,Low
98781,62166,36615,45602,97,15175,15391,3206,Medium
91262,50349,40913,46918,16,17108,6327,8269,High
71600,63671,7929,48678,45,20342,11229,4201,High
101898,31633,70265,23845,47,6851,6867,2136,Low
174369,140961,33408,23361,89,32419,34876,19853,Medium
55448,21117,34331,16812,61,4955,2127,4171,Medium
51172,41879,9293,14474,24,11526,6370,3617,Medium
198946,139330,59616,0,55,28891,28930,20463,Low
32657,27697,4960,0,32,9523,5721,2646,Medium
181497,65953,115544,73860,21,17921,15005,12188,Medium
182757,121229,61528,105432,53,27868,19490,16854,High
137855,86256,51599,38896,24,24065,17950,6997,Medium
180650,137117,43533,0,58,31410,18916,12247,Medium
184903,119685,65218,69904,30,37528,16441,13748,Medium
32906,21437,11469,23097,24,5650,4615,1464,High
86413,50053,36360,2784,23,7928,11867,3093,Low
79028,39572,39456,50883,51,7334,4910,6015,High
32287,19807,12480,9530,89,6397,2467,2200,Medium
58660,22115,36545,40105,24,5806,4711,3514,High
85504,79089,6415,54873,72,26895,12181,5260,High
127979,97822,30157,35707,77,16090,17459,13839,Medium
59701,54871,4830,33140,36,11470,9884,6392,High
108300,48450,59850,13830,96,9142,6575,2844,Low
173746,151432,22314,124580,62,39488,15183,19946,High
108560,89639,18921,0,61,20308,24259,5595,Medium
179946,133186,46760,0,72,24167,32364,23195,Low
68642,48479,20163,38755,82,13503,11543,7019,High
90160,45599,44561,59205,62,11730,9543,6089,High
42602,35388,7214,8054,66,7252,8499,2477,High
128320,80326,47994,0,61,19756,23064,7479,Low
113801,39384,74417,35687,52,11781,9181,4880,Medium
50931,25636,25295,15022,16,4897,3922,3717,Medium
119377,108387,10990,0,51,22607,23206,8398,High
54192,46222,7970,16785,13,10132,8711,2372,Medium
71542,67123,4419,0,78,20092,14182,6827,High
152015,107656,44359,101654,14,34383,21910,13180,Low
67520,31118,36402,5470,84,7010,8456,2416,Medium
89772,36432,53340,0,89,7626,8392,4511,Low
75106,31656,43450,14944,50,10379,4360,3190,Low
106121,33201,72920,1315,13,11616,3738,3926,Low
50559,28006,22553,6745,11,7955,5177,2859,Low
130595,55428,75167,0,76,19288,5715,7996,Low
58742,33340,25402,0,30,9401,5456,1881,High
94669,85935,8734,0,79,25496,14918,6499,High
177826,103112,74714,5181,52,23481,18056,11848,Low
160044,139348,20696,115557,91,32968,41228,14414,High
95831,66466,29365,5619,78,11885,10686,7227,Low
137217,63207,74010,98157,18,19881,9673,10780,High
66873,35529,31344,12206,93,11945,4472,6500,Low
131532,46634,84898,77868,37,12809,9429,4071,High
151267,78167,73100,37481,35,17097,10219,13715,Low
165975,122888,43087,0,91,22218,27435,14601,Low
159092,55184,103908,89149,92,11204,7230,5025,High
66755,28939,37816,0,12,5819,6231,5724,Low
110956,60796,50160,0,82,16579,16126,10561,Low
111988,105081,6907,65642,58,35623,11401,20925,High
70648,57236,13412,34865,26,9137,10528,4305,Medium
150991,117284,33707,0,72,17616,22543,8394,Medium
165588,62182,103406,1247,64,16791,16056,7804,Low
140005,113074,26931,90588,32,23385,21889,16485,High
27396,22202,5194,5685,43,7240,4740,1679,Medium
109082,75344,33738,0,78,16232,19456,13491,Low
175201,165343,9858,0,24,34382,35044,21461,High
153322,78411,74911,105906,56,15988,13460,8753,High
157663,143761,13902,115656,12,25728,16844,20170,High
36303,32475,3828,28949,92,8648,7988,4716,High
186633,57382,129251,22946,37,10537,15735,3237,Low
96719,57313,39406,0,12,13464,16850,11461,Low
124616,116530,8086,0,13,28222,33248,12187,High
149165,54747,94418,70503,97,8436,14205,3242,Medium
111231,72974,38257,0,40,11191,16688,12978,Low
32314,30256,2058,465,54,7686,7754,6019,High
44623,29499,15124,33298,68,8531,5499,5087,Low
130228,55135,75093,0,54,18659,12072,9802,Low
189202,128358,60844,0,84,23851,21787,18469,Low
122624,53082,69542,77008,46,9058,8776,9997,High
182364,116313,66051,0,74,18658,29233,6439,Low
136785,47618,89167,0,18,11295,9084,7857,Low
111206,77128,34078,39817,26,21181,10985,11615,Medium
94274,59950,34324,62554,74,19070,8416,3443,High
158541,123837,34704,0,12,35482,33663,16296,Medium
78947,56048,22899,29541,35,10742,13202,7132,Medium
178606,117387,61219,38978,62,28449,24558,18045,Low
73874,55284,18590,27395,40,18358,9961,3407,Medium
74708,29402,45306,53062,35,6331,5473,5021,High
99553,68391,31162,36247,32,17080,7624,4849,Medium
93344,38445,54899,41512,39,13137,7342,4336,Medium
74138,66842,7296,0,19,19848,17318,12178,High
72638,25017,47621,0,81,7493,4442,3354,Low
103249,59857,43392,1253,98,11999,10577,6401,Low
130865,98445,32420,29705,73,22931,10153,5634,Medium
27719,16568,11151,0,31,2758,3173,2499,High
178962,64401,114561,90740,24,17472,6766,12750,High
192581,127044,65537,69337,65,21692,27196,23727,Medium
67534,48425,19109,18251,83,15359,9750,7631,Medium
117241,88805,28436,36400,29,27788,23799,5842,Medium
174859,94881,79978,33893,56,24357,20528,8151,Low
151209,100762,50447,0,96,17959,16594,7862,Low
117124,69448,47676,0,62,10772,14115,7175,Low
116659,85958,30701,1251,62,26590,20624,7334,Low
189134,128481,60653,0,10,34693,15262,11134,Low
100713,64631,36082,78391,11,18884,14491,9210,High
100418,46412,54006,17790,67,9781,13149,4539,Low
153232,46170,107062,98755,28,11630,7379,6998,High
190904,78872,112032,0,71,23617,17771,15157,Low
188038,70719,117319,0,87,17150,18688,10308,Low
169059,100066,68993,118262,81,27045,20249,16285,High
193383,134975,58408,88351,21,41564,32879,21965,Medium
56575,24808,31767,407,35,4789,4023,2471,Medium
88852,80889,7963,18325,36,13199,13040,4225,High
157079,47805,109274,51122,38,12255,11163,2784,Medium
101242,81195,20047,37262,24,13188,19574,7495,Medium
54257,38326,15931,0,55,11624,11014,5880,High
198279,107627,90652,0,10,31625,15602,20018,Low
169353,56363,112990,79951,69,18393,10914,10924,Medium
86246,61050,25196,36164,66,16966,9163,3289,Medium
26435,14556,11879,5984,12,2379,1688,2889,Low
116357,105718,10639,3535,27,21210,19097,10399,High
182732,119194,63538,145395,61,37139,20837,21030,High
161156,146776,14380,62139,69,26922,22616,11308,High
169579,75176,94403,102561,43,21778,11982,4468,High
108807,83968,24839,39371,98,25698,14449,8963,Medium
140953,98837,42116,4867,69,21351,29430,17675,Low
163563,127679,35884,40511,35,27381,32761,10613,Medium
148797,65401,83396,38105,81,17106,7474,4780,Medium
88888,65087,23801,0,28,20974,17865,12136,Low
98609,61505,37104,0,31,11980,13940,11732,Low
34077,26676,7401,7508,42,9023,7419,1384,High
45953,23554,22399,35576,47,6355,3965,3747,High
139682,122715,16967,35930,44,42757,23672,11827,Medium
92889,32956,59933,74179,76,5534,9202,3500,Low
179893,148352,31541,143362,92,26007,22922,17856,High
193639,166501,27138,29620,19,52502,47136,18984,Medium
140374,116680,23694,35120,24,37681,31001,14847,Medium
49860,31574,18286,19387,20,7549,9349,4336,Medium
177267,103692,73575,0,99,30362,17093,12426,Low
102475,97102,5373,43289,33,31413,14288,15073,Low
112266,50403,61863,87068,86,7995,8375,7953,High
177499,116345,61154,102805,13,30807,33848,13502,High
125732,92531,33201,21328,22,29674,15417,6603,Low
52083,39352,12731,4379,82,9036,8383,5749,Medium
82372,35635,46737,0,66,7500,6440,5913,Low
148786,107884,40902,18860,46,33351,19337,15720,Low
32813,27298,5515,20676,57,5927,3785,3772,High
56598,18819,37779,14083,80,2834,3903,1588,Low
118106,105408,12698,0,10,36040,28447,15470,Medium
52082,16623,35459,0,69,4462,1826,1666,Low
54241,28822,25419,0,21,9047,8008,5416,Low
36745,11401,25344,0,30,3592,2657,1688,Medium
51029,17867,33162,0,20,2917,3990,1638,Low
169097,150878,18219,66538,53,27787,33974,18247,Medium
148395,78747,69648,0,67,16712,12540,13937,Low
170360,98144,72216,0,53,21016,17963,9845,Low
114186,50238,63948,7530,87,14154,13054,6471,Low
162612,111895,50717,0,43,30729,18046,17002,Low
122768,84295,38473,0,34,20982,16353,13755,Low
66846,36225,30621,25599,13,6964,3764,2756,Medium
100932,52128,48804,0,73,11801,12860,7025,Low
173554,151899,21655,104456,99,39299,27879,28379,High
48411,26584,21827,0,25,6475,5451,5190,Low
103797,64434,39363,46013,19,11305,7921,9563,Medium
77307,37428,39879,32601,75,10476,11166,7393,Medium
159165,129146,30019,97276,44,21258,20727,17513,High
47042,26265,20777,191,92,5926,5962,3057,Low
77930,49395,28535,57216,15,14423,10681,6556,High
122883,57101,65782,19410,28,8793,14676,3846,Low
58756,55346,3410,0,68,14611,8787,6102,High
78268,38310,39958,46100,62,8309,9622,4549,High
195286,156420,38866,120960,17,23739,27608,27732,High
184674,106717,77957,96946,87,20070,19447,17479,High
73901,32076,41825,0,19,10847,7523,4497,Low
124986,102465,22521,57156,76,26049,26318,10460,Medium
188268,97305,90963,6988,47,34002,22708,7595,Low
153386,132276,21110,0,38,33725,37034,13513,Medium
30626,27407,3219,15339,24,7092,4303,4165,High
163496,140424,23072,0,96,32068,39336,12561,Medium
37857,12218,25639,15314,32,2590,1541,1393,Medium
176054,142919,33135,0,91,28627,33143,15437,Medium
158052,89674,68378,38715,55,19610,18789,14781,Low
51431,44637,6794,26975,92,10800,8879,8149,Low
109976,78596,31380,21050,37,14807,12746,12174,Low
107711,90678,17033,24172,35,17679,18203,9180,Medium
51385,32096,19289,33727,19,6557,4248,3690,High
194230,125815,68415,0,56,30176,21874,8996,Low
179091,70535,108556,72858,13,19789,8445,5305,Medium
43639,35329,8310,0,64,11348,7573,2637,Medium
110530,63289,47241,64631,75,13127,7541,4404,High
46563,29104,17459,0,76,5435,3843,2239,Low
195413,158345,37068,115225,16,35749,18541,12731,High
140672,96958,43714,7889,64,31887,17090,6474,Low
161848,69710,92138,111939,89,10593,18709,10180,High
192516,131613,60903,76939,40,37585,37033,26133,Medium
164783,93096,71687,0,83,22848,10648,16932,Low
107970,65342,42628,52777,28,11905,14826,3714,Medium
110553,35200,75353,55205,37,7539,8338,3993,Medium
186779,81532,105247,0,90,15897,16857,14585,Low
195182,94209,100973,118082,37,30671,21988,6613,High
107879,82357,25522,23813,28,20290,12084,14589,Medium
194899,59925,134974,141100,96,15737,11860,8323,High
161727,91489,70238,105814,29,24586,16301,17354,High
69859,62916,6943,19351,22,17485,7420,11413,High
77098,28736,48362,49820,86,7158,6468,4355,High
171323,108905,62418,0,52,16725,21676,16191,Low
147413,119587,27826,11904,20,25943,18540,9803,Medium
25526,23296,2230,19642,57,4351,4536,1572,High
93760,73639,20121,0,24,21062,18782,8270,High
72837,55965,16872,26576,26,9029,14569,4364,Medium
36536,30588,5948,11626,63,8037,7032,1999,Medium
53541,31590,21951,13908,59,6069,6114,3012,Medium
104083,85743,18340,81721,37,29132,18447,15354,High
59531,18167,41364,0,92,3944,3215,955,Low
33712,30373,3339,8490,13,6531,3806,2851,High
129101,75930,53171,0,31,25412,13449,8626,Low
90455,59672,30783,34589,95,13931,12296,7553,Medium
99744,46448,53296,37612,48,15911,10207,3587,Medium
154749,121113,33636,21761,43,18752,34778,23572,Medium
30109,10532,19577,0,53,2225,2690,1441,Low
74268,64406,9862,15136,51,18242,8398,8264,Medium
79615,66739,12876,58247,49,21901,8998,3425,High
107503,47348,60155,0,21,9530,5686,5817,Low
185831,153507,32324,112602,11,51593,38013,26963,High
110708,89798,20910,67093,37,24139,21661,7448,High
127471,90624,36847,82577,83,28111,26940,9305,High
182661,99146,83515,0,95,22748,20265,5263,Medium
186087,88665,97422,0,90,17062,23521,17426,Low
185081,83408,101673,33249,99,27712,17956,5004,Low
108309,54923,53386,40334,76,18488,15093,10146,Medium
151446,134380,17066,0,80,33529,32816,13027,Medium
131661,46142,85519,0,81,6981,10546,6373,Low
182215,152835,29380,92702,93,26280,32557,23215,High
31154,16411,14743,21807,85,4342,4014,1167,High
177876,113669,64207,0,90,17590,20907,13249,Low
197760,161454,36306,144773,19,37034,19263,15954,High
89288,78113,11175,20954,95,16456,8435,4568,Medium
76195,39934,36261,0,66,11695,7819,6987,Low
45581,27357,18224,15993,95,4407,6014,1553,Medium
55087,31368,23719,33506,46,7771,3631,4642,High
189053,58344,130709,63572,86,15509,9182,5665,Medium
94298,46428,47870,71180,73,12696,7633,3659,High
71167,42591,28576,51384,88,9839,9053,6391,High
199480,113147,86333,139182,95,23859,17616,15408,High
64499,49616,14883,0,49,14214,5910,4827,Medium
150816,82967,67849,103068,69,26509,11032,10532,High
194631,120300,74331,121704,57,34733,16215,10458,High
121347,70289,51058,0,28,23646,18875,12620,Low
73787,57657,16130,0,81,16919,9044,5596,Medium
60488,52076,8412,0,42,15775,12651,4518,Medium
99441,64211,35230,901,53,11787,13713,10451,Low
47431,38567,8864,0,46,9021,11392,2030,Medium
86681,42726,43955,0,98,10553,6603,3853,Low
147720,96297,51423,51842,45,19380,12679,10237,Medium
74153,38885,35268,32079,90,9943,4293,7090,Medium
31368,17855,13513,0,97,3716,2645,3438,Low
183496,142405,41091,37459,30,40941,33723,22424,Medium
137360,119926,17434,94335,11,29268,14037,14856,High
137755,52205,85550,60214,40,12621,7775,7626,Medium
81985,58415,23570,37350,39,20254,15834,6548,Medium
75069,50926,24143,0,85,11636,11030,4829,Low
77326,29149,48177,34740,53,6484,3320,5614,Medium
133737,58540,75197,7825,21,12511,6412,3940,Low
179470,90121,89349,0,60,29645,10113,9188,Low
75861,30989,44872,0,58,7726,8936,5728,Low
100897,46253,54644,71645,33,12488,12487,7329,High
152118,72094,80024,0,33,13421,19392,3919,Low
93577,48490,45087,10692,69,12519,13812,2592,Low
34078,26822,7256,0,20,5496,5392,3419,Medium
181075,121635,59440,23840,22,36019,18180,14917,Low
87768,82594,5174,52919,81,26141,14889,9617,High
76047,43314,32733,58897,83,12689,10558,4130,High
96626,76335,20291,60260,81,22598,21007,15114,High
82660,71621,11039,1484,73,18083,13394,6503,Medium
157997,117128,40869,75824,29,34250,24254,14466,Medium
142832,81087,61745,79461,81,19017,23219,8979,High
155406,122745,32661,102624,82,34405,14913,9271,High
150150,64922,85228,6726,80,13101,17688,5219,Low
182087,93394,88693,69937,87,15312,12315,17534,Medium
58320,38219,20101,24978,37,8893,7520,6831,Medium
89881,60581,29300,12160,11,14682,8704,4837,Low
115827,36415,79412,0,52,7329,8032,6603,Low
127215,116315,10900,44802,17,34375,24625,9465,High
182361,137282,45079,121555,22,22611,24161,19766,High
159461,99217,60244,118563,94,19302,27052,6170,High
181755,164766,16989,91375,44,49382,38219,29996,High
169701,99345,70356,53618,32,23586,24264,5734,Medium
86550,81121,5429,17589,55,23610,10556,10808,High
49826,31539,18287,0,24,8310,8724,5265,Low
125734,47060,78674,0,11,16007,6278,3177,Low
182702,145635,37067,135196,70,39257,21052,16117,High
123511,91556,31955,77631,85,14005,11500,5153,High
36653,29411,7242,0,73,6487,5531,4482,Medium
184033,169022,15011,0,61,30189,46910,16245,High
106941,86057,20884,0,45,28822,12950,11523,Low
58662,40909,17753,15335,76,6987,7148,7769,Medium
123818,106143,17675,73782,78,24151,28575,10176,High
177360,130822,46538,11301,76,25539,29246,7495,Low
120081,67879,52202,4665,56,21676,16991,10273,Low
61877,54182,7695,22174,92,11471,7737,9103,Medium
136562,60665,75897,48685,11,21134,14759,11749,Medium
171385,131026,40359,122799,53,20665,19067,9652,High
97715,85306,12409,0,73,14984,25375,9283,Medium
166398,129017,37381,16411,90,25148,27348,22787,Medium
135091,101754,33337,15935,87,31769,24332,17403,Medium
157632,124405,33227,3749,37,40519,15386,17879,Medium
104148,62726,41422,0,63,10305,9417,5670,Low
108186,93928,14258,0,83,14698,12017,8698,Medium
182817,79019,103798,0,76,23619,14068,5420,Low
187962,71952,116010,114822,45,12711,11284,13546,High
176094,85507,90587,139832,72,15100,21084,6493,High
148629,95943,52686,0,34,14820,11680,13041,Low
95316,60226,35090,3847,95,9633,15081,8290,Low
53380,44486,8894,4465,57,9018,4855,4690,Medium
135198,76112,59086,0,48,12406,10686,7830,Low
27356,16819,10537,11544,56,3763,4345,2527,Medium
95326,29426,65900,0,30,9314,7313,3185,Low
117447,66513,50934,80485,39,14317,12987,5870,High
139994,100943,39051,103895,40,29835,11103,11090,High
45049,13968,31081,34231,35,2357,3100,2390,High
130361,62908,67453,0,31,17732,11408,12265,Low
41082,17877,23205,11207,30,3814,2919,2599,Medium
25661,8398,17263,19745,10,2518,1915,1405,High
193484,118319,75165,84731,46,20972,22163,15372,Medium
27920,11673,16247,0,86,3847,1383,1677,Low
104561,81871,22690,0,94,16252,23185,16227,Medium
33946,28893,5053,0,55,6374,7387,3344,Medium
41309,27042,14267,0,18,9195,3009,1620,Low
80230,75264,4966,41924,26,19997,15430,14567,High
136822,81109,55713,38206,56,18099,9463,13704,Medium
186099,117928,68171,143850,94,40086,31540,12942,High
137340,129510,7830,0,68,27950,28829,25559,High
84321,37987,46334,42525,63,6418,5108,3868,High
157028,143312,13716,0,95,50068,14925,15164,High
99131,32499,66632,29623,21,6615,3455,4597,Medium
50963,30075,20888,27314,73,9631,6059,2741,High
126757,43794,82963,7299,15,8019,10811,6778,Low
195515,151329,44186,40147,62,44834,18790,11036,Medium
124259,86417,37842,0,25,22026,12466,5721,Low
64063,48643,15420,24601,99,16839,8048,6334,Medium
139225,75656,63569,44818,14,19713,10865,10086,Medium
141400,76379,65021,17132,82,11838,13615,5040,Low
105818,34862,70956,37404,55,9439,7388,6785,Medium
29703,15667,14036,18313,23,2805,3712,2130,High
97099,87781,9318,0,53,27186,25698,6377,High
181921,99419,82502,785,72,31944,28450,9615,Low
187932,157935,29997,0,61,38918,33802,26854,Medium
56585,47956,8629,44028,35,14705,11836,6161,High
178087,96631,81456,86454,62,17299,28039,7558,Medium
68585,48749,19836,0,38,12110,5688,3189,Low
51958,18808,33150,13331,28,4303,1901,2155,Medium
51017,18743,32274,35411,56,5103,1986,1885,High
149677,49637,100040,27848,17,7887,10556,7365,Low
168273,114031,54242,81807,32,34257,28800,21527,Medium
54426,31400,23026,17532,44,5206,5445,2736,Medium
42778,28071,14707,7112,62,7896,5868,5004,Low
67229,42938,24291,43747,67,6599,8728,8075,High
111652,58911,52741,66350,14,18638,7007,10916,High
153267,113472,39795,81120,25,20985,18645,21878,High
151503,120145,31358,28644,26,30408,12481,21183,Medium
109878,34008,75870,8601,41,6879,4153,4727,Low
82056,35670,46386,0,61,10505,9358,3976,Low
183562,140168,43394,0,29,30033,37268,17346,Medium
44975,24794,20181,0,75,7312,6456,4485,Low
182795,133552,49243,8225,93,27641,32768,12715,Low
179351,94253,85098,11580,91,28322,24379,6964,Low
167633,92867,74766,133136,10,14498,21749,6604,High
113397,45715,67682,71084,67,9447,10695,7956,High
58142,27201,30941,0,92,6792,6350,4467,Low
51916,36004,15912,8101,53,5725,7301,4487,Low
89324,51946,37378,68641,15,9724,8969,4739,High
150932,121243,29689,17224,59,40847,29830,18385,Medium
160720,137283,23437,65455,81,47412,21928,7655,Medium
191205,124679,66526,126913,97,37148,26005,16860,High
121059,95984,25075,33877,29,19239,17917,10535,Medium
123317,61595,61722,41910,23,12448,9567,12114,Medium
60046,34210,25836,6157,14,9549,10089,4315,Low
126459,96526,29933,12435,50,16749,14647,12822,Medium
70893,39064,31829,0,49,13268,6322,6127,Low
126520,86353,40167,68374,43,16835,11426,10593,High
150818,63417,87401,93788,89,22191,16779,5307,High
86272,59514,26758,38420,54,14827,12933,7772,Medium
92649,79676,12973,0,80,24244,17736,15269,Medium
89674,77533,12141,969,89,11663,20477,8643,Medium
169832,130910,38922,22033,80,42905,22069,19891,Medium
177999,139682,38317,0,36,28495,19377,27476,Medium
111475,73869,37606,6777,87,20948,10318,12889,Low
86367,58732,27635,0,87,18281,14478,8742,Low
168660,65249,103411,0,53,11929,14538,10465,Low
146750,86363,60387,0,42,20597,12200,16449,Low
143154,84890,58264,0,42,21117,10951,16465,Low
69738,64369,5369,13066,53,13673,7990,12574,High
58397,33882,24515,0,29,8346,7642,4873,Low
107189,70430,36759,0,45,15037,7044,7585,Low
101367,65545,35822,0,16,14560,6794,4586,Low
145585,103932,41653,0,41,29502,18490,11207,Low
101619,79908,21711,0,76,22096,19039,15297,Medium
136453,60895,75558,16827,48,11963,14554,11172,Low
44816,28846,15970,0,33,9504,5366,3708,Low
198312,165956,32356,81652,95,53530,39533,21665,Medium
162348,97575,64773,13728,79,24571,19926,9400,Low
104530,50278,54252,0,97,11898,14851,5941,Low
179571,130289,49282,74581,96,29363,17262,20477,Medium
133856,111829,22027,0,63,32592,24617,12341,Medium
96635,32956,63679,0,47,9370,6533,2577,Low
132803,106894,25909,0,83,20228,14846,14016,Medium
60946,50833,10113,12824,89,14451,12708,4259,Medium
80204,48121,32083,10497,84,9647,7463,9438,Low
40563,38094,2469,11771,41,5855,6717,4135,High
117324,95192,22132,23557,54,27590,16655,17748,Medium
34847,27977,6870,19052,70,7804,4164,2345,High
51155,40212,10943,0,79,9335,7485,3151,Medium
104671,41648,63023,42022,97,10625,8107,5936,Medium
141891,62602,79289,0,62,21249,15578,10448,Low
108310,65158,43152,0,60,17530,16485,8797,Low
174381,82238,92143,0,85,23156,10831,6946,Low
156691,89299,67392,0,65,14536,19516,4972,Low
59707,52392,7315,13512,36,9598,14629,7478,High
176409,147444,28965,126290,47,30991,17952,10270,High
106537,75590,30947,0,71,19492,14708,7670,Low
116155,99635,16520,32393,27,30420,24915,15081,Medium
25281,20463,4818,14598,73,4384,4548,1324,High
183492,106212,77280,11756,86,23502,12757,7337,Low
195102,84028,111074,0,39,16908,15068,4978,Low
157130,99656,57474,74075,58,20023,20075,19872,Medium
101260,78835,22425,45363,50,26785,23584,8519,Medium
184476,107673,76803,109051,22,29835,14613,20013,High
185928,136359,49569,120869,43,24705,40428,12822,High
165272,59714,105558,0,34,17582,10463,9732,Low
89178,70112,19066,0,75,20641,9820,5809,Medium
58997,48865,10132,32549,27,13843,8933,6095,High
181683,137978,43705,43806,14,24414,30741,23965,Medium
144273,133989,10284,0,28,31031,19120,23106,High
197307,165209,32098,23762,51,28308,26150,27943,Medium
191129,169533,21596,71717,27,53118,45928,29424,Medium
157311,142652,14659,63481,41,40090,42767,11657,High
151945,124728,27217,71119,30,31361,20409,15258,Medium
70272,51879,18393,28849,19,11340,6732,6367,Medium
114393,34743,79650,45362,46,6491,8985,6377,Medium
86212,51967,34245,22948,58,8901,11437,4912,Medium
171470,115100,56370,0,95,39576,13821,21837,Low
145030,72169,72861,0,22,13707,20882,8488,Low
81503,41303,40200,0,64,6690,4775,6214,Low
162710,150466,12244,0,26,51509,33865,13591,High
31570,27769,3801,0,18,7214,5131,3097,Medium
93785,79901,13884,0,97,24715,16885,12502,Medium
34110,19234,14876,18771,53,3053,2743,2441,High
104141,32169,71972,0,87,8472,7644,6099,Low
37115,13069,24046,8873,55,3001,3815,2098,Low
64062,32218,31844,0,17,9806,6175,4338,Low
47911,14863,33048,4453,46,2343,3040,2719,Low
129061,40156,88905,63627,28,9249,5941,6016,Medium
57556,51558,5998,0,72,15973,14352,7584,Medium
153335,116381,36954,23063,55,29623,34243,10119,Medium
26969,13506,13463,14091,80,3511,3474,1475,High
68753,26553,42200,8166,35,4498,5537,4049,High
160542,101552,58990,71190,55,17920,29588,18662,Medium
146863,44569,102294,61934,55,12719,5828,4337,Medium
35225,32053,3172,20690,84,9135,6272,2638,High
148008,84309,63699,6525,23,29155,17495,11723,Low
179268,100662,78606,0,94,29432,19969,6047,Low
130823,72461,58362,73573,72,18017,18874,11389,High
38669,13343,25326,6685,81,4289,3123,2074,Low
193452,138300,55152,28384,12,23634,17333,14278,Low
149398,116000,33398,0,37,27823,19637,21332,Medium
135677,100330,35347,88739,38,20810,16836,12574,High
73320,28593,44727,49444,96,4887,6093,4199,High
171649,116076,55573,0,27,35136,18373,9452,Low
150354,100761,49593,103541,44,25407,12439,11345,High
113009,97692,15317,492,86,25532,22541,17522,Medium
53625,29302,24323,1508,85,6805,7917,2401,Low
49089,26580,22509,35808,56,6434,7610,2886,High
61487,43166,18321,38138,14,7476,12713,4217,High
135448,96370,39078,48837,84,27425,24692,7002,Medium
75138,45461,29677,45299,68,10751,5816,4248,High
198895,116947,81948,0,84,36645,31648,9930,Medium
193280,120064,73216,0,68,22723,21610,22636,Low
79061,67967,11094,53278,56,12982,16718,10953,High
186731,111993,74738,0,22,31263,23098,10909,Low
126376,115122,11254,0,87,36747,30590,18937,High
187962,117965,69997,125344,98,28835,21835,6290,High
104134,95488,8646,0,42,28206,10728,12315,High
72055,60622,11433,51453,71,21209,12813,5307,High
44508,23837,20671,0,88,8296,3200,1600,Low
198359,170859,27500,107427,25,51064,50079,31192,High
183056,68012,115044,72818,53,20261,13969,5434,Medium
135169,121825,13344,0,67,24306,25669,21119,High
33125,23537,9588,7704,15,7454,6624,2635,Low
61059,20476,40583,0,98,4730,4605,1067,Low
128409,92296,36113,98691,24,31602,14817,14756,High
173159,161602,11557,44396,13,26872,25730,22536,High
30704,10604,20100,24472,65,2514,2124,1077,High
136279,90018,46261,92184,73,23509,24603,8302,High
183280,144070,39210,89581,77,33284,37306,8796,Medium
143516,118640,24876,4606,43,22792,34707,22685,Medium
195954,111495,84459,141313,65,29947,12752,13836,High
181995,78750,103245,0,41,23718,12101,4947,Low
139044,45540,93504,96605,18,12704,5284,8210,High
54165,36660,17505,0,72,7217,9172,3366,Low
92203,54804,37399,61444,81,16239,7024,4413,High
29114,26688,2426,0,87,5374,3201,2459,High
61321,20811,40510,14295,42,3850,4418,2802,Low
98297,73281,25016,0,96,21114,13358,4478,Low
121652,38469,83183,0,30,12254,9348,4703,Low
124304,51142,73162,1993,64,12596,10095,9428,Low
181498,107959,73539,84588,85,27667,19979,8445,Medium
42772,25477,17295,23912,66,5364,4715,2539,High
128754,96012,32742,0,11,23899,26343,10505,Low
28712,25600,3112,0,22,4515,4583,3531,Medium
157439,112627,44812,68540,13,38424,18772,21161,Medium
140142,128902,11240,897,93,39968,21617,14073,High
116736,101916,14820,0,59,28902,14198,6152,Medium
76924,52302,24622,3336,57,13475,14233,5344,Low
28726,24186,4540,16672,87,7459,3127,1898,High
114152,81924,32228,7402,39,20395,23079,12105,Low
52723,18509,34214,30218,38,3886,2900,1006,High
151969,118743,33226,30348,17,21620,33234,11136,Low
125494,45389,80105,0,21,12687,11717,5981,Low
165180,113338,51842,0,50,38068,24526,10381,Low
